subscription_id,member_id,plan_id,start_date,end_date,status,billed_amount
sub_08bbcf5e934c,mem_d628dd1ee1b0,plan_standard,2026-03-24,,active,8.18
sub_102ad279d319,mem_3bd555f10a00,plan_premium,2026-04-14,,active,8.18
sub_44bc275ac264,mem_f255c0c0e27a,plan_premium,2025-07-31,,active,8.18
sub_a894dddd950f,mem_12fa1ee5c6ee,plan_standard,2025-09-07,,active,8.18
sub_a0c583421f98,mem_f704860ff992,plan_standard,2025-03-23,,active,8.18
sub_ddbbbcad854a,mem_26205b1c9774,plan_standard,2026-06-05,,active,8.18
sub_c05938a25a32,mem_0d19b285bd90,plan_standard,2026-01-19,,active,8.18
sub_1902969ef94f,mem_53a677ea413a,plan_premium,2026-06-30,,active,8.18
sub_3069bcc8f87a,mem_dc1c56c6e76b,plan_standard,2026-04-16,,active,8.18
sub_b2146ee3b5c2,mem_ce1dd6a5a774,plan_standard,2025-12-10,,active,8.18
sub_91f2c00602d8,mem_b02eef79be72,plan_standard,2026-07-02,,active,8.18
sub_2d66ccc43048,mem_2e4e9802ef6d,plan_standard,2026-04-23,,active,8.18
sub_4bac9a0da6c7,mem_c3ccc589c518,plan_standard,2025-09-23,,active,8.18
sub_0dcf0db7a139,mem_c74b775c3fd8,plan_standard,2025-11-20,,active,8.18
sub_eb3566e2efbc,mem_acdb9d1bf2c9,plan_premium,2026-04-15,,active,8.18
sub_da7189a953b5,mem_a4f5f4cfd92a,plan_premium,2025-10-28,,active,8.18
sub_d4069699e4fc,mem_8d8a64c2f367,plan_standard,2025-06-07,,active,8.18
sub_2573af4306a3,mem_59f47e7ddaf8,plan_standard,2026-07-20,,active,8.18
sub_be64674c010d,mem_0e69b054d542,plan_premium,2025-06-10,,active,8.18
sub_ba97a01dfbf1,mem_ed3569cfc227,plan_premium,2025-08-25,,active,8.18
sub_581e44bdbda5,mem_c64b69ecb4d5,plan_standard,2026-02-25,,active,8.18
sub_18cb88c4fd45,mem_335b4a13fe3c,plan_standard,2026-05-10,,active,8.18
sub_b9c4570f3042,mem_9d73aea1903e,plan_standard,2024-12-28,,active,8.18
sub_542ddc0d47c0,mem_f56ce479bd38,plan_standard,2026-02-26,,active,8.18
sub_5caa6edd9feb,mem_cebd110dcc82,plan_standard,2026-06-03,,active,8.18
sub_8eba80db6977,mem_684c643f39a5,plan_premium,2026-06-01,,active,8.18
sub_a80a13b53cea,mem_125969ed90c5,plan_premium,2025-05-06,,active,8.18
sub_2d877e4ec9e6,mem_08e6ea012bed,plan_standard,2025-10-20,,active,8.18
sub_1355b3f51976,mem_524d3614c580,plan_premium,2025-06-09,,active,8.18
sub_c089983c07b3,mem_2a050a81aba3,plan_standard,2025-08-04,,active,8.18
sub_3788a0aebeb4,mem_aa33c5e4453a,plan_premium,2025-11-25,,active,8.18
sub_915db3dd52aa,mem_858b1523c7a2,plan_standard,2024-11-28,,active,8.18
sub_68a4c9cad9cf,mem_d9fdaf3f0c61,plan_standard,2026-02-08,,active,8.18
sub_786caa83dd17,mem_8a0ef363f515,plan_standard,2025-11-17,,active,8.18
sub_aa1928369c3f,mem_8d06a469459f,plan_premium,2025-05-21,,active,8.18
sub_699fcc5a9cb5,mem_3cdfc9e19e0c,plan_standard,2025-10-11,,active,8.18
sub_8a0814e073b8,mem_637093d0b1e1,plan_premium,2025-04-23,,active,8.18
sub_c2d95a9fbc44,mem_ecd7d1f0bd4d,plan_standard,2025-11-03,,active,8.18
sub_0f17ab294b85,mem_2428ad5f4c8d,plan_standard,2025-08-21,,active,8.18
sub_040e2d43daa6,mem_d2ce4bdda1ca,plan_standard,2026-06-22,,active,8.18
sub_a556ca2ec404,mem_d7628c181efc,plan_standard,2026-04-12,,active,8.18
sub_c39c1cf093c9,mem_83581df0f989,plan_standard,2026-03-18,,active,8.18
sub_245d6551a2c8,mem_cdc27efb4476,plan_premium,2026-06-07,,active,8.18
sub_5c6a0578c8a7,mem_6bcc577ad27f,plan_premium,2026-04-10,,active,8.18
sub_ab49a5491b77,mem_44596c538014,plan_standard,2026-05-31,,active,8.18
sub_b6d46cbca829,mem_deb7d457feac,plan_premium,2026-03-23,,active,8.18
sub_088504bc2805,mem_61fc6531a869,plan_standard,2025-10-02,,active,8.18
sub_1cc8f62aebf5,mem_cd64132b5ee3,plan_standard,2026-02-14,,active,8.18
sub_94321423dfd0,mem_00537b5498be,plan_standard,2026-02-12,,active,8.18
sub_2c4b73afcb83,mem_4af655c6556c,plan_standard,2026-04-19,,active,8.18
sub_81541cd0bbff,mem_c346747276c6,plan_standard,2026-03-27,,active,8.18
sub_ee7e4362bd0a,mem_5f5ccc809003,plan_premium,2025-01-29,,active,8.18
sub_6e7e3888e045,mem_85004cb3bae2,plan_standard,2025-09-24,,active,8.18
sub_66d1aa6bce0e,mem_3b29d80eb34d,plan_standard,2025-10-17,,active,8.18
sub_208c9fa3f8af,mem_5ee3a3e240b1,plan_premium,2026-05-04,,active,8.18
sub_bdf81ef46c4b,mem_c0efb0b851c0,plan_standard,2025-08-04,,active,8.18
sub_dd2294d01e00,mem_63860dcb3d04,plan_premium,2026-05-07,,active,8.18
sub_db231458a9e9,mem_852dc505f153,plan_standard,2026-02-07,,active,8.18
sub_fa92368270d9,mem_3442ab64245b,plan_standard,2024-10-16,,active,8.18
sub_77ad8f59e63f,mem_53d0f9e75656,plan_standard,2025-09-29,,active,8.18
sub_6ac5f6e9c868,mem_05e7c5a944ff,plan_premium,2025-11-14,,active,8.18
sub_e68a2f26a242,mem_e5cb49a2dbcf,plan_standard,2025-09-02,,active,8.18
sub_7de9f44e55a0,mem_6e8812ba3af2,plan_standard,2025-05-10,,active,8.18
sub_f7e770b07d61,mem_48c1cbbdca13,plan_standard,2025-07-02,,active,8.18
sub_2ae5ade8ee92,mem_db9dd8b91f36,plan_premium,2026-04-12,,active,8.18
sub_789affe41017,mem_6ed23d95290a,plan_standard,2026-06-29,,active,8.18
sub_b9d98c7fef9e,mem_a95497324782,plan_standard,2026-03-07,,active,8.18
sub_071aaa4895c3,mem_4f2f64646d1f,plan_standard,2026-03-27,,active,8.18
sub_878780c8b835,mem_7b75f80e4fd9,plan_premium,2026-04-19,,active,8.18
sub_69f03e2467b8,mem_0f96bd928959,plan_standard,2025-01-20,,active,8.18
sub_a2f67108daa8,mem_9a1c6edc5700,plan_standard,2025-04-08,,active,8.18
sub_059302d22a14,mem_b782e4ac252f,plan_standard,2026-03-07,,active,8.18
sub_258c7f849e97,mem_8042c8e14bdd,plan_standard,2025-09-20,,active,8.18
sub_6f8b602d05f9,mem_8f27cac7fdb0,plan_standard,2026-01-31,,active,8.18
sub_f6d57ebadaca,mem_4a364a065ec2,plan_standard,2025-02-26,,active,8.18
sub_7066e04f3c7d,mem_5ab6dfd79358,plan_standard,2026-01-02,,active,8.18
sub_2a6380c1270b,mem_6c44f6283262,plan_standard,2026-03-28,,active,8.18
sub_5bacdcc30931,mem_5de70246e33f,plan_standard,2026-04-05,,active,8.18
sub_929957de01eb,mem_26ebfe430278,plan_standard,2025-11-12,,active,8.18
sub_498d6f704701,mem_e8073d1e6aba,plan_standard,2026-03-29,,active,8.18
sub_61595ca4442f,mem_81636be0f155,plan_standard,2025-10-30,,active,8.18
sub_e0fe148c4066,mem_13010a20d9ee,plan_standard,2025-03-17,,active,8.18
sub_288929e37aa9,mem_6f1f38c5d06b,plan_standard,2026-01-29,,active,8.18
sub_fbb5ce603e54,mem_9d042694d7e1,plan_standard,2026-04-15,,active,8.18
sub_295e95c2a191,mem_680a459baa41,plan_standard,2024-09-09,,active,8.18
sub_c546989f6637,mem_b112b481661e,plan_standard,2025-12-08,,active,8.18
sub_3063c2e7158d,mem_7529ce2601c6,plan_premium,2026-06-03,,active,8.18
sub_0c1e57d77f11,mem_d6e629950797,plan_standard,2026-06-21,,active,8.18
sub_6f14f3c769f0,mem_2a5bec9cd6f1,plan_standard,2026-05-27,,active,8.18
sub_daa4aa9af9d0,mem_5f768031c3bd,plan_standard,2026-01-19,,active,13.54
sub_427df3ed4e72,mem_370bf3cb1b70,plan_standard,2026-06-14,,active,13.54
sub_5f5d8c2132c2,mem_8a0d93b36701,plan_premium,2026-02-06,,active,13.54
sub_edff86969d7b,mem_64d7324dfa6f,plan_standard,2024-09-18,,active,13.54
sub_d0ae3e61fa6e,mem_af4c4d6586b6,plan_standard,2025-11-28,,active,13.54
sub_e7c802d67f3a,mem_742031220c5f,plan_standard,2024-12-02,,active,13.54
sub_7f8b2ca330bc,mem_d5f27eeff9cb,plan_standard,2025-04-23,,active,13.54
sub_ca599e8259f0,mem_5d38f7173e8d,plan_standard,2026-07-14,,active,13.54
sub_7de1c0717f7b,mem_1ee023b06f4a,plan_standard,2025-08-10,,active,13.54
sub_2cde896d82d3,mem_1903725e7f00,plan_standard,2025-09-04,,active,13.54
sub_0320dfaf7b5b,mem_14cab65a6e25,plan_standard,2025-11-24,,active,13.54
sub_b17a8d7bf53a,mem_cef6e3c3e59e,plan_standard,2026-03-27,,active,13.54
sub_a4e42a897e3e,mem_9b84e56449c2,plan_premium,2025-09-29,,active,13.54
sub_059cd20a6ef7,mem_10bca3595aae,plan_standard,2026-05-27,,active,13.54
sub_08c682fd10e6,mem_1130f4306b95,plan_standard,2026-01-13,,active,13.54
sub_9a686bc7f880,mem_df30bbd82f3f,plan_standard,2026-01-04,,active,13.54
sub_aa5acec20de7,mem_5fbfc38d8c13,plan_premium,2025-01-03,,active,13.54
sub_28c4640c8e68,mem_b3954b3eca7c,plan_standard,2025-04-09,,active,13.54
sub_19ded9a28fe9,mem_6b4e1750e7c2,plan_premium,2026-03-29,,active,13.54
sub_1e3af74e62a7,mem_5207b0485a44,plan_standard,2025-12-13,,active,13.54
sub_8287f9c80e20,mem_36c3509230cf,plan_standard,2026-05-01,,active,13.54
sub_65eb34a71fb6,mem_787857599fb2,plan_standard,2025-02-28,,active,13.54
sub_02870dec7989,mem_19fc98966cfe,plan_standard,2025-04-14,,active,13.54
sub_522d19e461ec,mem_9e6d92f6fe02,plan_standard,2026-03-14,,active,13.54
sub_9e7cbef6b6cf,mem_3010a60ad585,plan_premium,2025-09-30,,active,13.54
sub_ffb16e64bf6d,mem_b04836b32108,plan_standard,2025-10-17,,active,13.54
sub_da3a899b757d,mem_9604b0e78a2f,plan_premium,2026-05-11,,active,13.54
sub_869f9905066b,mem_57b342f95f16,plan_standard,2025-07-12,,active,13.54
sub_3577a45e8c3f,mem_a827b5693f6b,plan_standard,2025-11-23,,active,13.54
sub_241eafbe9f3e,mem_6335dfd2cb08,plan_standard,2025-07-01,,active,13.54
sub_cf85137e2466,mem_f5eadf0c263d,plan_standard,2025-11-28,,active,13.54
sub_f8624291e92b,mem_1d14a68e7196,plan_standard,2026-07-31,,active,13.54
sub_282037e32407,mem_fe0619843617,plan_standard,2026-03-03,,active,13.54
sub_816d31321542,mem_7f5ca4de533f,plan_standard,2026-07-07,,active,13.54
sub_15f9b18b937c,mem_e9e8157ea05f,plan_premium,2025-02-08,,active,13.54
sub_85f39a381e40,mem_6b2a13a15b4a,plan_standard,2025-04-06,,active,13.54
sub_f6db47f59c09,mem_531133fb0e8d,plan_premium,2025-05-19,,active,13.54
sub_a93357d5c3d6,mem_d572a59db81a,plan_standard,2026-03-10,,active,13.54
sub_94686a1385e8,mem_cfd4230d6c94,plan_premium,2026-06-16,,active,13.54
sub_2dab5b0b00d1,mem_e628e62a2281,plan_standard,2025-04-07,,active,13.54
sub_33219ecf5f44,mem_83687d7f873f,plan_standard,2025-01-14,,active,13.54
sub_dc9c9ee65056,mem_f6b8f6ccad70,plan_standard,2026-06-05,,active,13.54
sub_e44486c22c70,mem_a6356608f55a,plan_standard,2025-12-20,,active,13.54
sub_a2a5500fcc53,mem_1bf22144ae7d,plan_premium,2026-06-11,,active,13.54
sub_c0b2169b58ff,mem_6ac2bf6520cc,plan_premium,2025-07-14,,active,13.54
sub_44596fa58f9e,mem_e11c73bcdf8c,plan_standard,2025-07-10,,active,13.54
sub_430699a985e9,mem_ca7e4b3db480,plan_standard,2026-05-20,,active,13.54
sub_b3428d8f5d43,mem_16a5ee1d2145,plan_standard,2025-12-25,,active,13.54
sub_24551d3636c4,mem_8ef5dde1c5e6,plan_standard,2025-11-18,,active,13.54
sub_89c27be21622,mem_7040bc820161,plan_premium,2026-03-28,,active,13.54
sub_2b76a846e1a6,mem_85c38480de7b,plan_standard,2025-04-12,,active,13.54
sub_d5159ebaf933,mem_5c06a1aa5f03,plan_standard,2026-01-19,,active,13.54
sub_9575869c5fab,mem_052a7b1447fb,plan_standard,2026-04-18,,active,13.54
sub_ecf3bca659ad,mem_6b0b823aa3cd,plan_standard,2025-11-23,,active,13.54
sub_cb38a1f8a4aa,mem_3e083066d9be,plan_standard,2025-08-04,,active,13.54
sub_c801f6bd9c9d,mem_1f3cf376ac60,plan_standard,2026-04-23,,active,13.54
sub_d362057a255b,mem_a04b8046c1e5,plan_standard,2026-03-09,,active,13.54
sub_f98a9e253421,mem_ec9dc689d568,plan_standard,2024-09-23,,active,13.54
sub_99535af8992f,mem_0b45f581a332,plan_standard,2025-09-23,,active,13.54
sub_b8ff8521e199,mem_c485ae6ed030,plan_standard,2026-01-12,,active,13.54
sub_d0fb69bed3ef,mem_9e4fd2423df2,plan_standard,2025-12-04,,active,13.54
sub_c4d9473e8238,mem_9f59dcbde397,plan_standard,2026-05-23,,active,13.54
sub_dadd95e9f2c2,mem_1a332cefebf0,plan_standard,2026-04-13,,active,13.54
sub_026859b37ed9,mem_056678e556c2,plan_standard,2026-02-25,,active,13.54
sub_9eea05606941,mem_7a37d14101c4,plan_standard,2025-10-28,,active,13.54
sub_17e9a0d277b6,mem_6e5fc6d2c262,plan_premium,2026-04-11,,active,13.54
sub_d9e481cce1e4,mem_b7944922dfe9,plan_premium,2026-04-15,,active,13.54
sub_2cea72b8519f,mem_c3ded3c446d7,plan_standard,2026-06-11,,active,13.54
sub_3f6c6842fc15,mem_c0ab797dcea7,plan_standard,2025-10-04,,active,13.54
sub_7bb349b630f6,mem_971509492c2a,plan_premium,2026-04-12,,active,13.54
sub_92ad2ebde345,mem_fb9c797aef00,plan_standard,2026-06-11,,active,14.02
sub_60b872d9de8a,mem_5a61b70089a7,plan_standard,2026-04-08,,active,14.02
sub_657d87cb9d26,mem_e95167d0a014,plan_standard,2025-09-12,,active,14.02
sub_de5e803b0176,mem_3117052ecaf9,plan_premium,2026-04-17,,active,14.02
sub_1a1095705a73,mem_cd8d1a8168c4,plan_premium,2026-05-19,,active,14.02
sub_b617d15278da,mem_0520aeb312de,plan_standard,2025-01-30,,active,14.02
sub_17d79cc80e5e,mem_dd4cd3a0c639,plan_standard,2025-11-07,,active,14.02
sub_417334703b23,mem_09e21dd62216,plan_standard,2025-12-26,,active,14.02
sub_9a01e10e1851,mem_86d5055f9773,plan_standard,2025-06-26,,active,14.02
sub_a871dabc2bca,mem_9fcb9bcee465,plan_standard,2025-06-08,,active,14.02
sub_e8a503996c99,mem_2e7518d96807,plan_standard,2026-04-27,,active,14.02
sub_b3aec43bfae4,mem_b03c137a06c7,plan_standard,2026-06-01,,active,14.02
sub_c2e9db58cfe8,mem_e5a7e7ac8960,plan_standard,2026-01-15,,active,14.02
sub_e2ac1a3d2f3f,mem_a0a1caede415,plan_standard,2026-01-18,,active,14.02
sub_ad309b7c66dd,mem_d66ba5c1bf13,plan_premium,2025-12-29,,active,14.02
sub_07f78ac89906,mem_dce7e5bc9ba6,plan_standard,2025-08-05,,active,14.02
sub_419a9ca5719c,mem_77db6f5fb1ee,plan_standard,2025-09-09,,active,14.02
sub_f80d91b5fd7c,mem_535b1cf18a55,plan_standard,2024-11-02,,active,14.02
sub_e81302d2eb20,mem_28d176b41a76,plan_standard,2026-06-01,,active,14.02
sub_a1705a88f154,mem_e7a497ed6831,plan_standard,2026-01-28,,active,14.02
sub_7babbdf0504b,mem_0133f1807012,plan_standard,2026-02-25,,active,14.02
sub_08fd1592e221,mem_1f59532cabe4,plan_standard,2025-04-23,,active,14.02
sub_e52254023897,mem_4fb91f3c6fd5,plan_standard,2026-04-04,,active,14.02
sub_09a3fc279351,mem_c80c0b754917,plan_premium,2026-04-27,,active,14.02
sub_810ea97a2550,mem_bdb95a02843b,plan_premium,2026-01-07,,active,14.02
sub_336658864105,mem_823a70fa49e8,plan_standard,2026-01-19,,active,14.02
sub_86a2f25bc3ab,mem_c1436b5333d4,plan_premium,2026-03-23,,active,14.02
sub_c827c391f01e,mem_253c3f7653c5,plan_premium,2026-04-03,,active,14.02
sub_ebc59d1e674c,mem_bed5d27d3124,plan_standard,2025-02-15,,active,14.02
sub_482af87ad2b8,mem_c3598b4780cd,plan_standard,2026-01-09,,active,14.02
sub_f19e8c66547b,mem_daf47a03d602,plan_standard,2025-04-23,,active,14.02
sub_d91d274a86ad,mem_2fddd65bf50d,plan_premium,2025-11-17,,active,14.02
sub_a66c147c144d,mem_464937826e8f,plan_standard,2026-06-19,,active,14.02
sub_2a13e5e15b7c,mem_d623efbc9dd4,plan_standard,2024-08-24,,active,14.02
sub_08d84200206b,mem_d3299c692b20,plan_premium,2025-05-16,,active,14.02
sub_144bb00d4242,mem_beb2cc9450bf,plan_standard,2024-12-07,,active,14.02
sub_4d96e6f76873,mem_99bf8b107880,plan_standard,2025-02-11,,active,14.02
sub_fbeb526267ad,mem_19422cc8db8b,plan_standard,2025-05-05,,active,14.02
sub_61fe73643ae8,mem_8d0a882e79d1,plan_standard,2026-05-06,,active,14.02
sub_7ed2cc63cf91,mem_d660f3d56346,plan_standard,2025-12-20,,active,14.02
sub_1d4feff0c1bb,mem_c3e7d8cebcfd,plan_standard,2026-04-18,,active,14.02
sub_0569d41db2f5,mem_6804f9cc5ff9,plan_standard,2026-01-29,,active,14.02
sub_38b6481a8f27,mem_976eb4ec37a2,plan_standard,2026-06-16,,active,14.02
sub_d4ed1134ceb9,mem_7b4a7699cf1c,plan_premium,2026-02-08,,active,14.02
sub_973390d6cf85,mem_0b9afb75a4d3,plan_standard,2024-10-29,,active,14.02
sub_c73f1791527f,mem_b44329f1b617,plan_standard,2026-03-28,,active,14.02
sub_7ebaecabb77f,mem_4bf3396a099f,plan_standard,2025-06-26,,active,14.02
sub_d1c7d9405a5b,mem_06420af063c3,plan_premium,2026-01-04,,active,14.02
sub_d576ec01ba6e,mem_96268f8aef79,plan_premium,2026-01-19,,active,14.02
sub_37c87c66ada9,mem_aa6bf56e653c,plan_standard,2024-12-28,,active,14.02
sub_adcf32be398c,mem_4e0ed0a53c0f,plan_standard,2024-09-22,,active,14.02
sub_cbffca5bee18,mem_0b90e7294b8f,plan_standard,2025-11-15,,active,14.02
sub_83fcbfe47244,mem_567925eba1a0,plan_standard,2026-03-15,,active,9.08
sub_0a1980fbbc4b,mem_4f0e74f81308,plan_premium,2024-12-07,,active,9.08
sub_6efae6190d3d,mem_4cab4096f639,plan_standard,2025-11-02,,active,9.08
sub_8e17403b1343,mem_ce68b39535f4,plan_standard,2025-11-22,,active,9.08
sub_b8c5488b6c6f,mem_ab908125710f,plan_premium,2025-07-23,,active,9.08
sub_5302a8b6e98b,mem_0a57b349db71,plan_standard,2026-06-16,,active,9.08
sub_c30e94a6fcdc,mem_90c682aa2c8e,plan_standard,2025-10-30,,active,9.08
sub_d67db9613632,mem_98bf58362492,plan_standard,2025-12-12,,active,9.08
sub_c542b0bf2ae9,mem_6a69deecd93f,plan_standard,2025-05-01,,active,9.08
sub_89ffba2148b1,mem_8a101b12b627,plan_standard,2026-05-09,,active,9.08
sub_e331317e8b27,mem_935385569a3d,plan_premium,2024-12-22,,active,9.08
sub_103bb4cb5d03,mem_37b3daa0d577,plan_standard,2026-06-07,,active,9.08
sub_6e13c7e55603,mem_200911d42436,plan_premium,2026-04-29,,active,9.08
sub_4f368d848d16,mem_4953b786e391,plan_standard,2025-10-25,,active,9.08
sub_9f925e350083,mem_ad689948f604,plan_standard,2025-09-08,,active,9.08
sub_0be3dfd1a443,mem_76fa54c73af7,plan_premium,2026-04-09,,active,9.08
sub_938b5095d496,mem_56ab65468d9e,plan_standard,2026-05-24,,active,9.08
sub_0ea212794f5c,mem_e7d1b6181b4d,plan_standard,2025-03-25,,active,9.08
sub_beb5dc6f2275,mem_42c76333a1c4,plan_standard,2026-04-05,,active,9.08
sub_047b0e9f8b4a,mem_1db0f18e982f,plan_premium,2025-10-25,,active,9.08
sub_17e68d554d73,mem_21eed67db391,plan_standard,2025-10-11,,active,9.08
sub_a7b3deaa4137,mem_ed0d36f79c91,plan_standard,2026-01-20,,active,9.08
sub_182f5c2d3196,mem_edd1886de5ac,plan_standard,2025-10-31,,active,9.08
sub_cf0b30fefed5,mem_e02007fc3f7f,plan_standard,2025-12-02,,active,9.08
sub_1e09936c8b72,mem_e0cfb0370682,plan_standard,2025-01-31,,active,9.08
sub_58b32ae89841,mem_bd381c91be48,plan_standard,2026-04-21,,active,9.08
sub_f5e2b1725f6d,mem_0eefcec23a71,plan_premium,2025-08-13,,active,9.08
sub_717c0e054e4d,mem_b7aec43cb41d,plan_premium,2026-04-08,,active,9.08
sub_9cff00687ccc,mem_9b30aae16918,plan_standard,2026-01-31,,active,9.08
sub_345932d5ad66,mem_b7574548a77c,plan_standard,2025-09-10,,active,9.08
sub_5945d742a4b0,mem_8f908bf401bf,plan_premium,2026-03-14,,active,9.08
sub_e0f06f8e2e0b,mem_bcb63294f306,plan_standard,2026-03-07,,active,9.08
sub_8b9176ca748f,mem_95c003488028,plan_standard,2025-07-20,,active,9.08
sub_aa7860ec9591,mem_11041b05e34b,plan_standard,2026-06-10,,active,9.08
sub_0482c6e6bb17,mem_a9c3e21faeaa,plan_standard,2026-01-02,,active,9.08
sub_b926ff4d58d2,mem_1457408a63c5,plan_premium,2024-09-02,,active,9.08
sub_d3d048529fb1,mem_5bc9c44e959a,plan_premium,2024-09-18,,active,9.08
sub_8c964b7e0b5a,mem_98dc1aef25d8,plan_standard,2026-06-10,,active,9.08
sub_71d51f776438,mem_8d64a688dba0,plan_standard,2026-04-18,,active,9.08
sub_75279a402856,mem_84a4876754a4,plan_standard,2026-03-28,,active,9.08
sub_3a7f93d0692e,mem_a73192c4aac9,plan_premium,2025-02-02,,active,9.08
sub_b68d84b6002b,mem_2edd8ae8ce13,plan_standard,2026-02-12,,active,14.15
sub_1c23b676e95f,mem_dbf48204a1e9,plan_premium,2026-05-09,,active,14.15
sub_70839e65fed8,mem_c9d9d3a325fd,plan_premium,2025-05-18,,active,14.15
sub_cc2000fce5a4,mem_d41185f9d4ba,plan_standard,2025-08-21,,active,14.15
sub_8c347022d4ae,mem_fa372610e321,plan_premium,2025-10-15,,active,14.15
sub_3ceb0a5623d0,mem_1a3fb2d955c5,plan_standard,2024-10-24,,active,14.15
sub_fef01d4d1388,mem_7dc7dbfeefcb,plan_premium,2025-09-21,,active,14.15
sub_8f988f1c9ab7,mem_b6b7bf57b6d9,plan_standard,2026-07-18,,active,14.15
sub_165c99bf1d0f,mem_21ba4fb03f9c,plan_premium,2025-06-01,,active,14.15
sub_fd00c68ba2a7,mem_968b8980ac57,plan_standard,2026-03-14,,active,14.15
sub_f91e90314e5c,mem_af443bb46727,plan_standard,2025-09-15,,active,14.15
sub_d35d537f87c6,mem_54a3a58ef15c,plan_standard,2025-01-25,,active,14.15
sub_f0ef2e9d326f,mem_33a8b1160881,plan_premium,2026-05-18,,active,14.15
sub_86df98a1e195,mem_4dde900ed9bc,plan_standard,2026-05-25,,active,14.15
sub_94dba7e90775,mem_0402be16ded3,plan_standard,2026-05-28,,active,14.15
sub_a58db2c249cd,mem_0baf41b74a42,plan_standard,2025-11-16,,active,14.15
sub_05a88ddaebc0,mem_afdc8f1150f7,plan_standard,2026-03-25,,active,14.15
sub_fb65454b8fba,mem_73c906d528fc,plan_standard,2025-10-19,,active,14.15
sub_08a14072308b,mem_abfcfbd920f3,plan_standard,2025-08-12,,active,14.15
sub_7c6b8007b363,mem_4d279c001980,plan_standard,2026-04-22,,active,14.15
sub_4665dfcadaab,mem_e7718dcad442,plan_standard,2025-10-02,,active,14.15
sub_89dd974e996a,mem_8819f504f8c8,plan_standard,2026-03-28,,active,14.15
sub_a3007bc76451,mem_e0dcd4cdbcc1,plan_standard,2025-12-19,,active,14.15
sub_1a41863a61e9,mem_f82e85f65d84,plan_standard,2025-03-09,,active,14.15
sub_11b5e18843d5,mem_a1be0505671e,plan_standard,2025-05-07,,active,14.15
sub_e87ed378ddd7,mem_f82acfa3899f,plan_premium,2026-06-03,,active,14.15
sub_f046ab69013a,mem_ce734adb2052,plan_standard,2026-01-18,,active,14.15
sub_8411dd88f5c5,mem_7abf8dc57c93,plan_standard,2026-03-23,,active,14.15
sub_2c9f74c58e8f,mem_17d5c14d245c,plan_standard,2026-07-24,,active,14.15
sub_69587af333d0,mem_95f1130b7932,plan_premium,2025-07-06,,active,14.15
sub_f1d39aa0beb5,mem_57888ebca2cd,plan_standard,2025-10-01,,active,14.15
sub_aacab166f99c,mem_263c23913375,plan_standard,2026-03-29,,active,14.15
sub_ca5809fbb78f,mem_b6fc0ab7aec3,plan_premium,2025-07-27,,active,14.15
sub_64e462e853d6,mem_623f47aa2c73,plan_premium,2026-05-27,,active,11.93
sub_13a99e2779a8,mem_2ab6a750feaa,plan_standard,2025-01-16,,active,11.93
sub_a652fb036810,mem_1536946f9a75,plan_standard,2025-08-29,,active,11.93
sub_72cd0c653b4d,mem_93de9200daba,plan_standard,2026-05-13,,active,11.93
sub_857fcc32ca3d,mem_97dcd02d4604,plan_standard,2026-06-27,,active,11.93
sub_9786e2ef063a,mem_42e4f15da419,plan_premium,2026-02-12,,active,11.93
sub_54fcf6dfbebe,mem_5a895c184b4e,plan_premium,2025-11-16,,active,11.93
sub_fa0d06e9d69e,mem_0d9e154bbae3,plan_standard,2026-01-16,,active,11.93
sub_f004294f9485,mem_f51e32df4f23,plan_standard,2026-06-24,,active,11.93
sub_78ee1162c35c,mem_68a73b93d42f,plan_standard,2026-02-14,,active,11.93
sub_6065db89a0d8,mem_bce32758aa8f,plan_standard,2025-02-02,,active,11.93
sub_3e64774a75e1,mem_16b029884ac7,plan_standard,2024-11-30,,active,11.93
sub_c7be39767551,mem_d3227bb0f84d,plan_standard,2026-06-25,,active,11.93
sub_daec906cc6e2,mem_6c4c2b8fd8a4,plan_standard,2026-02-17,,active,11.93
sub_c276140d8fca,mem_e23c960e4c75,plan_standard,2025-09-04,,active,11.93
sub_c6cd0f774a6c,mem_159e8b029955,plan_premium,2025-09-13,,active,11.93
sub_6898f0027ade,mem_1057e9fb58aa,plan_standard,2026-02-19,,active,11.93
sub_96a4ad0139f0,mem_a9cdb165b38c,plan_standard,2025-11-12,,active,11.93
sub_1caeec8b8477,mem_090ce91adffc,plan_standard,2025-04-10,,active,11.93
sub_cdfbc6f77f13,mem_b0bdb4cd2357,plan_premium,2024-11-27,,active,11.93
sub_3b8695af562a,mem_6f78423b636e,plan_premium,2025-07-22,,active,11.93
sub_5cdb82205641,mem_fdfb4bc22d2f,plan_premium,2025-02-12,,active,11.93
sub_2e7a80be99bd,mem_4981b965b51d,plan_standard,2026-04-08,,active,11.93
sub_26beac5cd7fe,mem_c7f0da7a9e71,plan_standard,2026-05-08,,active,11.93
sub_aa95dd4aed47,mem_9dfafd9e19b7,plan_standard,2025-06-14,,active,11.93
sub_35e92f1051f1,mem_ca2072cb791c,plan_premium,2026-05-02,,active,11.93
sub_204b3ad03c03,mem_d6d950c7e774,plan_premium,2026-01-24,,active,11.93
sub_88d6ccf89737,mem_96d1baa6734e,plan_standard,2026-05-01,,active,11.93
sub_7cb42043e050,mem_7a8343b938e5,plan_standard,2025-02-14,,active,11.93
sub_4b3e39c1fe7f,mem_d332a79d2491,plan_standard,2025-06-28,,active,11.93
sub_4cba63a64318,mem_3f3c66b01f90,plan_premium,2025-04-20,,active,13.62
sub_156cdff455cd,mem_0e1e7fdf5930,plan_premium,2025-06-06,,active,13.62
sub_b6baa66b9485,mem_4f23607654fd,plan_standard,2026-03-27,,active,13.62
sub_d93431846de6,mem_7aec4e13cffe,plan_standard,2025-06-24,,active,13.62
sub_8eed205b59f8,mem_ecc0824e8854,plan_standard,2026-05-28,,active,13.62
sub_770d75d91ca1,mem_5d20ff3162d8,plan_standard,2025-04-13,,active,13.62
sub_90596c948c48,mem_77d98bfd527d,plan_premium,2025-04-25,,active,13.62
sub_1198642f7605,mem_730eb4f422e7,plan_standard,2026-04-14,,active,13.62
sub_b12d9f460ed1,mem_62f3b9f9a0e2,plan_standard,2025-06-01,,active,13.62
sub_42b1a3ea525d,mem_6c11dbb6ceb4,plan_premium,2026-01-01,,active,13.62
sub_ee977245d5f6,mem_78a6230382b3,plan_standard,2026-03-11,,active,13.62
sub_56654a6149f1,mem_6471c60d7a2a,plan_premium,2025-06-18,,active,13.62
sub_9f58fad23601,mem_303eb3a07b7b,plan_standard,2026-04-12,,active,13.62
sub_da70009eec4b,mem_720aeb9200ad,plan_standard,2026-07-04,,active,13.62
sub_0dadefb45a4c,mem_e3c330f19bab,plan_standard,2026-04-26,,active,13.62
sub_22fc7d6a12eb,mem_1750d664302c,plan_standard,2026-03-02,,active,13.62
sub_0a30b62cd003,mem_b12271ee66ae,plan_standard,2025-04-20,,active,13.62
sub_a2d483848e7d,mem_75dc58d7650f,plan_premium,2024-12-11,,active,13.62
sub_b7bc52dbb300,mem_da5523a198cc,plan_standard,2026-03-22,,active,13.62
sub_867370a05d6a,mem_ec9af4699ccb,plan_standard,2025-09-28,,active,13.62
sub_4262a08e8bab,mem_e6b0b112202c,plan_premium,2026-01-29,,active,13.62
sub_be31d4c60739,mem_03c023da0612,plan_standard,2024-11-10,,active,13.62
sub_f7ec682c77fd,mem_7175660164ad,plan_standard,2025-11-25,,active,13.62
sub_a50ae9b64e4f,mem_3a383e027a26,plan_premium,2025-01-25,,active,13.62
sub_0e978148e332,mem_870dc55b8c02,plan_standard,2026-03-30,,active,14.14
sub_6dcbf0be4f38,mem_b89d0c5f0559,plan_standard,2025-11-01,,active,14.14
sub_fe429a398e97,mem_55e91d358342,plan_standard,2024-11-03,,active,14.14
sub_8b691184a7a0,mem_75bfa4406e38,plan_standard,2026-06-26,,active,14.14
sub_d66fb312e66a,mem_30dc5b757c69,plan_standard,2025-10-24,,active,14.14
sub_186f190e3f82,mem_193060c1eae9,plan_premium,2026-02-22,,active,14.14
sub_b06a643ab275,mem_ee78400de3d3,plan_premium,2025-06-25,,active,14.14
sub_0481a781d87e,mem_d8858d7f7be7,plan_standard,2026-01-13,,active,14.14
sub_6333f4cfe25c,mem_add5da7b2e2d,plan_standard,2024-11-01,,active,14.14
sub_556fa16768e6,mem_7f174393b6da,plan_standard,2026-05-25,,active,14.14
sub_821f90570cc2,mem_87d462396832,plan_standard,2025-03-15,,active,14.14
sub_5a51540551f9,mem_268242fb6b47,plan_standard,2026-04-27,,active,14.14
sub_97cc7a13e33f,mem_61488bc4f609,plan_standard,2026-06-22,,active,14.14
sub_dcb18415a6de,mem_240b254b41ea,plan_standard,2026-01-13,,active,14.14
sub_2f34a744afb6,mem_2eca394ffd60,plan_standard,2025-12-03,,active,14.14
sub_e8153cfbc991,mem_e38735a2669d,plan_premium,2025-06-09,,active,14.14
sub_d91a7cc1feaf,mem_a17bb7e3d499,plan_standard,2025-09-01,,active,14.14
sub_2ce0a058e208,mem_fadd24f0e57c,plan_standard,2025-01-23,,active,14.14
sub_4132207e9679,mem_7d52dd3500ce,plan_standard,2025-07-30,,active,14.14
sub_6d4e2adbb593,mem_79e42ef82071,plan_standard,2026-04-24,,active,14.14
sub_d837616e5483,mem_3980b5bf0267,plan_standard,2026-01-15,,active,14.14
sub_b3d0313f20c4,mem_883b980b22f8,plan_standard,2025-09-15,,active,12.36
sub_345a7af815e6,mem_5825b0de8011,plan_premium,2026-05-22,,active,12.36
sub_05ceb2c6d83c,mem_5fc25fafbe1a,plan_standard,2025-03-15,,active,12.36
sub_6b0f18d4ab17,mem_8a471aee567a,plan_premium,2025-12-09,,active,12.36
sub_65d9c3d08dc6,mem_0aee2e972870,plan_standard,2025-09-13,,active,12.36
sub_b7c819a825b6,mem_0463039ef433,plan_standard,2026-03-03,,active,12.36
sub_eb9f56d2bc15,mem_0b9c9762b2e0,plan_standard,2025-08-25,,active,12.36
sub_834c11d0818f,mem_cbd42c22d8c0,plan_standard,2025-11-15,,active,12.36
sub_547799993d64,mem_ac7c98246bf6,plan_standard,2026-04-26,,active,12.36
sub_e1fca00e0009,mem_5ece98881da0,plan_standard,2025-09-14,,active,12.36
sub_fb2a48152368,mem_a180e0e7bbdc,plan_standard,2026-02-08,,active,12.36
sub_dfdb5bf84fde,mem_f1fa779585db,plan_standard,2025-07-22,,active,12.36
sub_0a917e083573,mem_fdf8c328a06e,plan_premium,2026-05-03,,active,12.36
sub_b9a2973259be,mem_e3d5614d7f95,plan_standard,2025-11-08,,active,12.36
sub_760dee4cef90,mem_5ca98f354bb8,plan_premium,2026-01-26,,active,12.36
sub_ace979c1bba3,mem_2e21e3331261,plan_standard,2026-04-19,,active,10.13
sub_efa1bc944e6f,mem_d8911342704e,plan_standard,2025-06-25,,active,10.13
sub_3373241eda01,mem_556123fce365,plan_standard,2025-10-18,,active,10.13
sub_e0f3e43340f5,mem_723b52b0cb79,plan_standard,2026-03-04,,active,10.13
sub_d209b829fcb7,mem_7fd5fccf9942,plan_standard,2026-01-10,,active,10.13
sub_f28480aba576,mem_cc282550b279,plan_standard,2025-09-08,,active,10.13
sub_e25ae29bd6a0,mem_928ee4a9fc62,plan_standard,2025-12-07,,active,10.13
sub_468d2d6e9c3f,mem_56b9dba78124,plan_premium,2025-06-19,,active,10.13
sub_3317a4a7d0cf,mem_a3a516a8bbb3,plan_standard,2024-12-24,,active,10.13
sub_3b4c61b0c075,mem_8f7aa5351916,plan_premium,2025-07-31,,active,10.13
sub_c010b9acf445,mem_861a4c99a95b,plan_standard,2025-09-18,,active,10.13
sub_34426171e9fe,mem_e9eb19171146,plan_standard,2025-10-03,,active,11.61
sub_a7dc22f99d1f,mem_75b7fc82eb44,plan_standard,2026-02-27,,active,11.61
sub_1313a8c7ffa4,mem_4f6d75f501c4,plan_standard,2025-05-31,,active,11.61
sub_28f721a81ae0,mem_cef179b9c891,plan_standard,2025-07-20,,active,11.61
sub_c823b132229d,mem_c80bfca8997a,plan_standard,2025-09-10,,active,11.61
sub_f02c677291b4,mem_417d74d0b65b,plan_standard,2026-04-13,,active,11.61
sub_23f6e3e18004,mem_39b78688becd,plan_standard,2026-04-23,,active,11.61
sub_ea30c2fa5f9c,mem_4344cb9632f2,plan_standard,2026-07-04,,active,11.61
sub_4301fc3ef18a,mem_7c605675c93b,plan_standard,2026-04-05,,active,11.61
sub_fa4375bf6582,mem_d828e538fa51,plan_standard,2025-07-08,,active,12.28
sub_56b9b9ab6c97,mem_c0a8e02299d9,plan_premium,2026-01-04,,active,12.28
sub_fe1c294941bb,mem_323be6decbff,plan_standard,2025-03-29,,active,12.28
sub_59653853e8f8,mem_150e5d570c59,plan_premium,2025-11-04,,active,12.28
sub_eca5c1508e02,mem_eeeaa5819edb,plan_premium,2025-08-12,,active,12.28
sub_3865b4fed974,mem_e398ff53497b,plan_standard,2026-02-05,,active,12.28
sub_927639566740,mem_b55c9ecd989c,plan_premium,2026-01-29,,active,12.28
sub_4430925e0d60,mem_1243f8c3f683,plan_standard,2026-05-13,,active,12.28
sub_ddda4a0f5f62,mem_fd7f37b76d27,plan_premium,2025-08-31,,active,24.99
sub_6efcdd98bd01,mem_ce88a0d90caa,plan_standard,2025-03-23,,active,14.99
sub_04f02329b4cb,mem_b2c53552f146,plan_standard,2025-04-24,,active,14.99
sub_cc48be866ba6,mem_7e3a512ad40d,plan_standard,2025-03-30,,active,14.99
sub_78c29412b62d,mem_46f50062d668,plan_premium,2025-07-01,,active,24.99
sub_7cf606dac0c1,mem_433f9834ec30,plan_standard,2026-04-16,,active,14.99
sub_18cb5a438fe4,mem_57bf25311519,plan_premium,2025-06-11,,active,24.99
sub_2f976d98358d,mem_5fdae99afbba,plan_premium,2025-08-26,,active,24.99
sub_de745a5c06f9,mem_6c3b2b8d864b,plan_standard,2025-12-30,,active,14.99
sub_8a72632f7009,mem_adbd7c9eba3b,plan_premium,2025-11-14,,active,24.99
sub_ae7bceaceb73,mem_643148e3a860,plan_premium,2025-02-22,,active,24.99
sub_f76a5efa46ad,mem_2ba5ba90569e,plan_premium,2026-05-23,,active,24.99
sub_fae821af3da0,mem_b1fb9a71ef7a,plan_standard,2026-05-19,,active,14.99
sub_a6472f1f75f8,mem_0ddf64d498ba,plan_premium,2025-12-30,,active,24.99
sub_e223eae6715d,mem_a559eef0bf2d,plan_standard,2025-11-27,,active,14.99
sub_17297f7154f0,mem_91840224b41a,plan_standard,2025-11-13,,active,14.99
sub_b292f47e9187,mem_9bfee57866aa,plan_standard,2026-03-06,,active,14.99
sub_f8f004a1b4ca,mem_0a8d03dbcbe4,plan_standard,2025-07-17,,active,14.99
sub_4c205d676ad0,mem_43c1edf6dfd0,plan_standard,2026-01-10,,active,14.99
sub_45b7070a58cd,mem_e468f2a0ffef,plan_standard,2025-06-02,,active,14.99
sub_072149004655,mem_a6c8f4778687,plan_premium,2025-03-23,,active,24.99
sub_042a468988e9,mem_b8c169a40db3,plan_premium,2026-01-17,,active,24.99
sub_e9d5e199d842,mem_a17298550b74,plan_standard,2025-03-07,,active,14.99
sub_7d27cf72496b,mem_14df8e9d5af9,plan_standard,2026-01-08,,active,14.99
sub_9798e18397be,mem_07a2ac118006,plan_standard,2026-05-09,,active,14.99
sub_9e6ad0bd7654,mem_c0dcd71e2eb0,plan_premium,2025-04-23,,active,24.99
sub_e5a4595090d8,mem_bb3b09d35b19,plan_standard,2026-01-06,,active,14.99
sub_45b7169c1493,mem_1bf731ba6c91,plan_premium,2025-07-20,,active,24.99
sub_61141884abb7,mem_9804defe3647,plan_standard,2025-05-12,,active,14.99
sub_6ae9feb91f7d,mem_c9b003d7b8d5,plan_standard,2026-03-23,,active,14.99
sub_f7d81915f220,mem_c0dd93ee020a,plan_premium,2025-07-01,,active,24.99
sub_333ec4d5af99,mem_613eab6498a6,plan_premium,2025-12-21,,active,24.99
sub_c15d1c10459c,mem_91d0d38ddef4,plan_standard,2026-04-07,,active,14.99
sub_882c94e108cf,mem_87e51769b991,plan_standard,2026-01-11,,active,14.99
sub_eaf7ce72ed4b,mem_ec78c00363e8,plan_standard,2025-08-15,,active,14.99
sub_5a508d0f342b,mem_066e02cc6b3b,plan_premium,2026-04-09,,active,24.99
sub_2eeee6e688e4,mem_56664e8cb74e,plan_standard,2026-02-26,,active,14.99
sub_d0de1772ed29,mem_340bf25b340e,plan_standard,2025-03-22,,active,14.99
sub_2527e577b0ab,mem_bb8881d48ce1,plan_standard,2026-06-07,,active,14.99
sub_d510a5029388,mem_44013e3a53f3,plan_premium,2026-05-12,,active,24.99
sub_b125ab6711fc,mem_43fc3f0577a0,plan_standard,2026-02-06,,active,14.99
sub_c4efb64c6d8d,mem_401a9b4f4917,plan_standard,2026-05-11,,active,14.99
sub_f73654d0a17d,mem_8e742f12b9ab,plan_standard,2026-04-18,,active,14.99
sub_b48aa5f90c45,mem_0bce046b7dd0,plan_standard,2026-01-22,,active,14.99
sub_d1df95a75ae8,mem_2680bed43f62,plan_premium,2026-03-01,,active,24.99
sub_5ed1d2900857,mem_54df868cdb47,plan_standard,2025-12-30,,active,14.99
sub_e097b3fac8cc,mem_9e48f0a577f4,plan_standard,2026-06-14,,active,14.99
sub_e297737ab516,mem_eb57a8d54fe2,plan_standard,2025-05-18,,active,14.99
sub_4820e863c182,mem_d531e2e27f32,plan_standard,2026-02-03,,active,14.99
sub_c9b797c8ad15,mem_9df88530a37b,plan_standard,2025-07-07,,active,14.99
sub_d9aa7227fffd,mem_c805dea1c691,plan_standard,2025-01-15,,active,14.99
sub_c712345d4e13,mem_d6f27f81affe,plan_standard,2026-07-07,,active,14.99
sub_a1f716ecb937,mem_ff67b3905a61,plan_premium,2025-04-04,,active,24.99
sub_504b03114902,mem_4236942c19ce,plan_standard,2025-11-04,,active,14.99
sub_77b70d6274d4,mem_82bda94fe11b,plan_standard,2025-12-24,,active,14.99
sub_f37fab1256bc,mem_10a4b093a3ba,plan_standard,2025-01-20,,active,14.99
sub_5b36069a0a75,mem_e42a9085e3a9,plan_premium,2026-03-14,,active,24.99
sub_6d13cce58eab,mem_92d3a684945a,plan_premium,2026-02-03,,active,24.99
sub_d419c218e8ba,mem_99122ddc0632,plan_standard,2025-03-24,,active,14.99
sub_4368c8e7c9c7,mem_a4a1a285d6d5,plan_standard,2025-05-16,,active,14.99
sub_4d5fe8994e30,mem_95190088527e,plan_standard,2025-11-24,,active,14.99
sub_fd7250ddc626,mem_ee324176762c,plan_premium,2025-08-01,,active,24.99
sub_855da1a1f840,mem_f64c28909548,plan_standard,2025-06-14,,active,14.99
sub_0082767e07b8,mem_3df73b69395b,plan_standard,2025-03-17,,active,14.99
sub_434f0befa0e9,mem_73314f5144b2,plan_standard,2025-12-19,,active,14.99
sub_4425447b80f6,mem_e115664f1b07,plan_standard,2026-03-25,,active,14.99
sub_bf8fcb387c61,mem_8e41d45555c8,plan_premium,2025-12-20,,active,24.99
sub_f05c5511b1a4,mem_928759c8ef69,plan_standard,2026-02-03,,active,14.99
sub_79eae34f9f4b,mem_81cc7c6b6143,plan_standard,2025-09-12,,active,14.99
sub_3b1eef1e3261,mem_94918bdcd7f3,plan_standard,2025-06-16,,active,14.99
sub_5d0db8056773,mem_2ac456675ec7,plan_standard,2025-08-08,,active,14.99
sub_cf0c591ce7b3,mem_87d796e241f6,plan_standard,2025-05-12,,active,14.99
sub_65232c8a9edb,mem_56535e5ae913,plan_premium,2025-02-20,,active,24.99
sub_8c0c5f6c7cd5,mem_fde4f47c5232,plan_standard,2024-11-11,,active,14.99
sub_f3da03bdf798,mem_dbfc91a69f3e,plan_standard,2025-11-26,,active,14.99
sub_776b6a386944,mem_c36ebfc7852b,plan_standard,2025-03-07,,active,14.99
sub_b421dd45e367,mem_5453521b5bc3,plan_standard,2025-10-26,,active,14.99
sub_0d425b261c59,mem_7dd003f58231,plan_premium,2025-09-15,,active,24.99
sub_6eb8c675e087,mem_c0368625a82a,plan_standard,2026-06-06,,active,14.99
sub_64b6ff176cec,mem_4a4dd07e0598,plan_standard,2026-01-16,,active,14.99
sub_ef06c4fef180,mem_27541bf5ec9b,plan_premium,2025-04-18,,active,24.99
sub_49c4f26ffd71,mem_9269614292d5,plan_standard,2026-04-30,,active,14.99
sub_83ac47520095,mem_52d76856ad1e,plan_standard,2026-03-30,,active,14.99
sub_fc8d24696d2c,mem_f08db6dc3dec,plan_premium,2026-03-02,,active,24.99
sub_27aaaf38c1d9,mem_437ae59a8950,plan_standard,2026-01-04,,active,14.99
sub_bd8c9d1f64bf,mem_24891902636d,plan_premium,2026-02-26,,active,24.99
sub_da51d24a30b4,mem_60787428604e,plan_standard,2025-04-05,,active,14.99
sub_e75e78da763b,mem_9af846020bf8,plan_standard,2026-03-23,,active,14.99
sub_24be1e6a824a,mem_64c884cc0fe5,plan_standard,2025-01-07,,active,14.99
sub_03360edfc657,mem_7f22294e72eb,plan_standard,2026-01-19,,active,14.99
sub_8053383db4b7,mem_448559e257c0,plan_standard,2025-05-17,,active,14.99
sub_2317ae51ba9d,mem_86c301707a07,plan_standard,2025-12-27,,active,14.99
sub_2d945f64a105,mem_3583a46126e9,plan_standard,2025-07-22,,active,14.99
sub_1312eb228fef,mem_abee9f64a322,plan_premium,2026-06-19,,active,24.99
sub_883f217dec0a,mem_d77877a789aa,plan_standard,2025-01-06,,active,14.99
sub_db12ce88550e,mem_dcd85699dec8,plan_standard,2026-04-13,,active,14.99
sub_384291881439,mem_62bde25800b5,plan_standard,2026-06-12,,active,14.99
