borrower_id,email,join_date,credit_tier
brw_07a30dac991d,borrower2c7a62b8@example.net,2025-11-13,Excellent
brw_8c408e255746,borrower1fa62316@example.net,2026-05-08,Good
brw_da6da610c67f,borrowerdcd524f1@example.net,2025-09-14,Fair
brw_b9a7a4f01a7c,borrowerd3a86079@example.net,2025-05-07,Excellent
brw_4ddf8211ad16,borrowerc62d4745@example.net,2026-03-05,Excellent
brw_779199b75246,borrower1815286a@example.net,2026-05-31,Fair
brw_c35af7b13f27,borrower0c947509@example.net,2026-08-16,Good
brw_4105177c8aec,borrower4b896d8b@example.net,2025-11-07,Fair
brw_96134911d72b,borrower1088d117@example.net,2026-05-30,Fair
brw_724b50bda1a3,borrower0ce0ed05@example.net,2025-07-22,Excellent
brw_3e38fef38249,borrower7d13480e@example.net,2025-07-25,Fair
brw_1b57310b0669,borrower6e422dea@example.net,2026-04-11,Good
brw_777832b09d66,borrowerb7199902@example.net,2025-02-11,Good
brw_7eebe2714875,borrowerda4738a6@example.net,2026-07-18,Excellent
brw_144c8a1d554b,borrower85a71c48@example.net,2025-06-20,Fair
brw_17fc73551b94,borrowerbbb776fe@example.net,2025-07-24,Fair
brw_ba2ee3a5a60a,borrowera635c636@example.net,2026-01-09,Poor
brw_4b1e9c94f363,borrowercc9216c7@example.net,2026-03-25,Fair
brw_f74c18a29085,borrower771af4e7@example.net,2025-07-05,Fair
brw_04e14a62fb52,borrower34f3aad4@example.net,2025-06-07,Fair
brw_0e6006f84292,borrower491baadf@example.net,2025-10-05,Excellent
brw_29b6e3cf672b,borrowerff30e172@example.net,2026-05-27,Good
brw_cedd44c03fdb,borrower7a0568b0@example.net,2026-07-22,Good
brw_921c7e3dcc39,borroweradc29a79@example.net,2026-07-15,Good
brw_549870f29680,borrowerc21a7254@example.net,2025-11-16,Good
brw_af3b4b559613,borrowere954d9ee@example.net,2026-03-29,Good
brw_408c5e34b2c1,borrower51136157@example.net,2026-05-11,Poor
brw_f99c100bfb59,borrowerd3c3f934@example.net,2025-11-08,Fair
brw_897ee13570aa,borrowerd2371067@example.net,2026-06-18,Fair
brw_eaa121b4092f,borrowercc51dc0f@example.net,2026-06-21,Good
brw_c86e9eef5839,borrower854298c1@example.net,2024-11-30,Fair
brw_e5ffc929693e,borrower6078f29a@example.net,2025-12-29,Fair
brw_851435f27135,borrower46efe545@example.net,2025-06-24,Fair
brw_4c1e29ba042b,borrower7471f546@example.net,2026-05-27,Excellent
brw_c2c3194e6788,borrower266fd3f0@example.net,2026-04-21,Good
brw_2460e90f0d79,borrower3922dd97@example.net,2026-06-03,Poor
brw_74314b156379,borrower3f6e1226@example.net,2025-05-23,Good
brw_c07f849a73b6,borrower2cceaacc@example.net,2025-11-04,Good
brw_cce9f093402c,borrower5b115349@example.net,2025-04-12,Good
brw_31241439df73,borrowerca5fc4bb@example.net,2026-05-12,Good
brw_250319701196,borrower8afd4241@example.net,2025-12-27,Good
brw_81bac5032c10,borrowerd9bd82d6@example.net,2025-12-14,Poor
brw_e1cc84e0717c,borrower7b49a282@example.net,2026-03-15,Good
brw_769c6556eaa3,borrower1debd695@example.net,2024-10-24,Fair
brw_2b87f526da17,borrower3a88d966@example.net,2026-07-18,Excellent
brw_d76fddc64089,borrowerde59ba36@example.net,2026-07-11,Fair
brw_e53da88fd8b1,borrowere4bf4583@example.net,2025-08-04,Good
brw_ef10c76a3abf,borroweree09b2f8@example.net,2026-07-29,Good
brw_bd2b2213296f,borrower59a65746@example.net,2024-11-02,Fair
brw_714f19eff8d7,borrower322ac603@example.net,2025-01-16,Poor
brw_0b8a1c46909c,borrower03b3dee1@example.net,2026-08-28,Fair
brw_fd79a1822665,borrowerd966ddf7@example.net,2025-10-19,Fair
brw_cb9e72347365,borrowerfdfdb3ae@example.net,2026-05-11,Fair
brw_a54cc638c28b,borrower4786d137@example.net,2026-07-11,Good
brw_d77a16be0e9f,borrowerc46c6810@example.net,2026-02-18,Poor
brw_cec721950113,borrower8e5df957@example.net,2025-05-24,Good
brw_e7d478ba99dc,borrowerd9594312@example.net,2026-01-27,Good
brw_9b8583b56653,borrower0863fd69@example.net,2025-04-14,Poor
brw_6d0d4be2c674,borrowere014af86@example.net,2026-04-28,Fair
brw_8425012678cd,borrower2748cc11@example.net,2025-12-01,Good
brw_6c7918b42c97,borrower688f03cd@example.net,2025-08-26,Fair
brw_77812406d403,borrowere46a2d29@example.net,2025-08-15,Fair
brw_932b8fe1500e,borrower86c11fa7@example.net,2026-09-14,Good
brw_5d7c8a2fc827,borrowerea3c58f5@example.net,2026-08-21,Poor
brw_cfb69674c5d3,borrowercbf33c1c@example.net,2025-05-21,Fair
brw_fdf3db3581e4,borrowerc885d506@example.net,2026-04-24,Excellent
brw_503ee5d1c3a5,borrower07ef5925@example.net,2025-05-22,Poor
brw_607c43a184a2,borrowereefc73a8@example.net,2026-07-20,Good
brw_6ab5015391c5,borrower5e37896b@example.net,2026-07-26,Fair
brw_6fffb8257ff3,borrower6cabafcd@example.net,2025-08-24,Excellent
brw_0f206dca4d47,borrower99212fe7@example.net,2026-02-08,Fair
brw_2b0b85df191f,borrowerdc70b88b@example.net,2026-05-12,Poor
brw_4f4bc2baf220,borrower65b4e6df@example.net,2026-03-05,Good
brw_1ebffc383a13,borrowercc3007dd@example.net,2026-01-07,Fair
brw_0ed75b24c9af,borrower4bed06b2@example.net,2026-06-07,Good
brw_f1bda367b8e2,borrower4b63a396@example.net,2024-11-07,Fair
brw_3f91708bb7e8,borrower7ef207fc@example.net,2026-02-26,Fair
brw_aff54c8bfa61,borroweref5d8876@example.net,2026-07-07,Good
brw_746bf50dc2b6,borrowerf989206b@example.net,2026-04-11,Fair
brw_9fe0e72e20eb,borrower495f8567@example.net,2026-05-26,Good
brw_e5bef617885b,borrowerb250e5db@example.net,2026-07-26,Fair
brw_55c5e1856df2,borrowerb567705c@example.net,2026-05-27,Poor
brw_ebf8b4cd0f67,borrower8712c539@example.net,2025-06-09,Excellent
brw_532c33fb5ae8,borrower4f6ee4bb@example.net,2026-05-23,Fair
brw_a14925c790e2,borrower8ba39da5@example.net,2026-06-01,Excellent
brw_14043a6a63bc,borrower3051e0fb@example.net,2025-03-16,Fair
brw_ccfd5486584f,borrower95c8980a@example.net,2026-02-09,Fair
brw_f585e2153caa,borrowerdf13c2de@example.net,2025-07-23,Good
brw_3e87a5621543,borrower5d9b4374@example.net,2026-07-16,Good
brw_ad7bdcdf39c8,borrower3948d15d@example.net,2026-03-04,Good
brw_953e880430f9,borrower318078d6@example.net,2025-09-19,Fair
brw_5f4f85b2ddab,borrowerfdbc0cbb@example.net,2024-12-17,Excellent
brw_879f3593a9d8,borrower157baae5@example.net,2026-03-14,Good
brw_9cedcf270deb,borrower650e0b5a@example.net,2025-06-07,Good
brw_4db7a547f887,borrower70a208c8@example.net,2026-06-11,Good
brw_42881d861914,borrowerbef08d03@example.net,2026-03-05,Good
brw_6bf05e224f9f,borrower42b3f3a9@example.net,2026-05-18,Poor
brw_9b4edeefa0d6,borrower57e7e8e6@example.net,2026-02-23,Poor
brw_ea521312ce22,borrowere9a8b342@example.net,2026-01-01,Excellent
brw_e86107bd6137,borrowercfd27069@example.net,2024-10-08,Fair
brw_901d0818e135,borrower3b476bac@example.net,2025-01-21,Poor
brw_99048d4e3937,borrower76f22929@example.net,2025-06-19,Good
brw_333d98fd235e,borroweraf4e5f89@example.net,2026-02-03,Good
brw_ab2bf2e82b37,borrowerd81c7cbf@example.net,2026-03-15,Excellent
brw_3901623df2e8,borrower5126a146@example.net,2026-03-25,Poor
brw_b16b8d6f19bd,borrower45148720@example.net,2026-05-12,Fair
brw_51c29d362983,borrowerd2d4d3a4@example.net,2026-02-18,Good
brw_45322a8a1590,borrower7f9d84a8@example.net,2025-02-11,Poor
brw_9bf1c3c2d414,borrower8ad69c5e@example.net,2025-12-30,Fair
brw_342752d88919,borrower2df46fa7@example.net,2026-06-24,Good
brw_593abe1ecf8f,borrowerb2cb209b@example.net,2025-01-21,Fair
brw_ee1e300b4ee6,borrower2ef60ae4@example.net,2026-01-06,Fair
brw_49fd085330d0,borrower2d55d706@example.net,2026-07-31,Fair
brw_bb5f0b0a9f60,borrowerb37637ce@example.net,2026-01-26,Poor
brw_a755546fc38b,borrower23070d16@example.net,2026-06-23,Poor
brw_b1998ffb1e6c,borrower273c4bda@example.net,2026-07-22,Good
brw_8f3f9632f516,borrowerc85bf322@example.net,2025-12-09,Fair
brw_5e881e06e299,borrower79c62486@example.net,2026-05-24,Excellent
brw_87417390f5f5,borrowere7ca66bb@example.net,2025-05-09,Good
brw_428b7dca3c82,borrower01d90ae5@example.net,2025-12-09,Fair
brw_945e8e6958bf,borrowerf7291cfd@example.net,2026-03-06,Fair
brw_8591ee8ee6f3,borrower7b348d45@example.net,2026-01-16,Poor
brw_ec7b26361e4b,borrowerb17a23a4@example.net,2026-06-05,Fair
brw_12ae95140d5a,borrowerb52f2759@example.net,2026-05-23,Good
brw_21eeaf14f810,borroweraa1b8eaa@example.net,2025-10-25,Good
brw_49e56b2de967,borrower733243fe@example.net,2026-04-21,Fair
brw_6aecca1c44e8,borrowerd767977d@example.net,2026-07-25,Good
brw_839e82a3f2ca,borrower274d2a2c@example.net,2024-10-17,Poor
brw_0c34441378d6,borrower17743673@example.net,2026-07-25,Good
brw_066e6413f2a4,borrowereaf67ca2@example.net,2026-05-12,Poor
brw_96a2c32fd773,borrowerbc71ea64@example.net,2025-05-19,Poor
brw_a9c13a6529b9,borrower1927611e@example.net,2026-03-29,Good
brw_0158cfec4e2c,borrowerf8c2079b@example.net,2025-07-02,Fair
brw_5896216bd71f,borrowerfc3f2c13@example.net,2025-11-29,Poor
brw_0410a6a7aec1,borrower3941da0d@example.net,2025-11-05,Excellent
brw_25735c2fb382,borrowercb002d7d@example.net,2025-07-16,Good
brw_7b59c8f4b19f,borrower0bfeb231@example.net,2025-10-30,Poor
brw_0427cb9d010b,borrower8539b276@example.net,2026-07-02,Excellent
brw_31a17bb36885,borrower31f42f42@example.net,2026-07-12,Fair
brw_9939bb5eb1b6,borrower01197b6e@example.net,2026-05-09,Fair
brw_340169dacf54,borrowerc55b8431@example.net,2025-09-26,Good
brw_042ea74d9bf8,borrower3cdbfd9d@example.net,2025-11-16,Good
brw_dbcbcb0c0380,borrower25615488@example.net,2026-02-02,Poor
brw_1aefbec6ab99,borrowerb63bd2b7@example.net,2025-06-21,Excellent
brw_124d5cbeb3f0,borrower0a295c34@example.net,2026-03-04,Good
brw_730e9eb558bc,borrowerc637c1ea@example.net,2026-09-07,Fair
brw_4fc4343ab55f,borrowerde88e890@example.net,2025-11-15,Good
brw_17210a240029,borrowerb79c0d3e@example.net,2025-09-10,Fair
brw_861c1061ab71,borrowera34ac8ee@example.net,2026-03-03,Excellent
brw_bbbf8025e282,borrowera2ef4333@example.net,2026-07-24,Poor
brw_fe8404d31a66,borrowerdcaae741@example.net,2025-04-24,Fair
brw_b5ffd52f58f1,borrower0deb3313@example.net,2025-07-01,Fair
brw_3f227f335efd,borrowera05d8378@example.net,2026-06-27,Excellent
brw_03770812c88b,borrower35d080b9@example.net,2026-04-24,Poor
brw_330681bc60b0,borrower3a695f30@example.net,2025-08-01,Poor
brw_d4440b946823,borrower283c34fd@example.net,2025-04-30,Good
brw_9c9ca45321c2,borrower61b20526@example.net,2026-05-18,Excellent
brw_1e3fc9a8e197,borrower26c3d726@example.net,2025-08-13,Poor
brw_1d05a92d4785,borrowerddae396b@example.net,2026-03-12,Fair
brw_504f357e7e7b,borrower2a8e3eac@example.net,2026-06-25,Poor
brw_6c3b668c6ef3,borrowerfbd4bbae@example.net,2025-06-04,Poor
brw_91f27fc888ff,borrowera957803e@example.net,2025-07-21,Poor
brw_20499cab1ff5,borrowerc066c22a@example.net,2026-08-18,Fair
brw_37e75ec8a4bc,borrowerfd2a5397@example.net,2026-04-14,Poor
brw_1cc1968a6927,borrowerbbb5d3fe@example.net,2025-07-28,Poor
brw_1bd6fa83dea3,borrower9c5b6519@example.net,2025-07-21,Good
brw_446d24864dec,borrowerb28a09eb@example.net,2025-08-08,Excellent
brw_39fcc0edff36,borrower6b322211@example.net,2025-05-28,Poor
brw_953aa59961c3,borrower0af46671@example.net,2026-05-29,Fair
brw_3269831b5d22,borrowerae91ca38@example.net,2026-02-15,Good
brw_f9a257afd21f,borrower6536477a@example.net,2025-08-02,Good
brw_c51c7ba08db6,borrower86ea597b@example.net,2026-08-18,Good
brw_5827d4454be7,borrower1071b9e8@example.net,2026-04-16,Poor
brw_e8e5923e7ccc,borrower35990eed@example.net,2025-01-25,Good
brw_a431b55b52d0,borrower7ebcc589@example.net,2025-11-12,Good
brw_bc578446015a,borrower7fa44ffb@example.net,2024-12-25,Fair
brw_208ffcced090,borrowerbf6d9ec9@example.net,2025-03-11,Excellent
brw_b71cb565c7e6,borrower06774efd@example.net,2025-01-18,Good
brw_9615cb46c703,borrower738a5216@example.net,2025-02-02,Good
brw_6462b2a21d22,borrower42cdfb61@example.net,2026-07-12,Good
brw_a4607c40efd1,borrower6f0c10c5@example.net,2025-09-19,Good
brw_27699ef972de,borrowerff6f49c9@example.net,2025-12-02,Fair
brw_42eeda6fe6ef,borrower92877955@example.net,2026-03-22,Fair
brw_7e28ea2aaaa2,borrowera29b76f5@example.net,2026-05-16,Fair
brw_4046b6892c9c,borrowerc337da85@example.net,2026-09-11,Poor
brw_5290484f68ac,borrowere9013d19@example.net,2026-01-08,Fair
brw_a8de4d54f209,borrower5c7e71fd@example.net,2025-09-10,Fair
brw_df39bce517c9,borrowerad901ce4@example.net,2026-03-31,Excellent
brw_059134c31d36,borrower42922a56@example.net,2025-10-30,Good
brw_fc4fc7822591,borrower3159468d@example.net,2026-04-22,Fair
brw_ab0d98e5c385,borroweraf248822@example.net,2025-09-25,Good
brw_5ac0f357b02b,borrower194e4835@example.net,2026-04-24,Good
brw_173118c9e1a6,borrowerc6b0500f@example.net,2026-03-14,Good
brw_679293987f44,borrowerbe50326b@example.net,2026-07-05,Good
brw_89cface59334,borrowerd5439794@example.net,2025-03-09,Fair
brw_3f11c67afba3,borrower6f30fdc7@example.net,2025-04-26,Fair
brw_b0b164e1726d,borrower03839e98@example.net,2026-04-27,Fair
brw_9194607fb37a,borrower004c9c36@example.net,2026-09-15,Good
brw_7e5bc678a78a,borrower81ebf2c5@example.net,2026-03-02,Fair
brw_979b291ee78e,borrowerce725c54@example.net,2025-11-04,Good
brw_6dabf6aaaffa,borrower7d6f5db3@example.net,2026-02-24,Good
brw_6274321f5d06,borrower256c5ffc@example.net,2026-02-09,Poor
brw_84cf5f32a71b,borrowere0e267c6@example.net,2025-08-01,Good
brw_bb28edcb1b78,borrower6bad9dd1@example.net,2026-07-21,Fair
brw_5b09b9e805b8,borrower73ba0672@example.net,2025-11-17,Good
brw_4f2afca08781,borrower0f8512ec@example.net,2025-07-15,Fair
brw_637be3393829,borrower158574f1@example.net,2025-10-25,Good
brw_e55c9aeff289,borrower15821dc6@example.net,2026-06-07,Excellent
brw_dde55b98cdc5,borrowerddd82bc6@example.net,2026-05-20,Good
brw_086c46fe0dd6,borrower4d7fadbc@example.net,2025-06-18,Excellent
brw_5ac657cb05e7,borrower5a52df5b@example.net,2026-03-09,Fair
brw_10e36db311b6,borrowerb6a6a285@example.net,2026-06-09,Fair
brw_b131801c187c,borrower716d72e6@example.net,2026-01-30,Good
brw_c9a0d0c9cb9b,borrower1b21218d@example.net,2025-11-04,Excellent
brw_2f914377091b,borrowerd86f9312@example.net,2025-09-04,Fair
brw_7f603e3ff711,borrowere5f36df1@example.net,2026-07-13,Good
brw_381b7753431b,borrowerbb131119@example.net,2026-06-16,Poor
brw_744665d749a0,borrowerad2bcb29@example.net,2026-01-18,Excellent
brw_ca556168c35c,borrower12051a6e@example.net,2026-05-18,Fair
brw_05630a35dab6,borrower8992372a@example.net,2026-02-17,Fair
brw_a3b8abb01228,borrowerbac27292@example.net,2025-10-28,Poor
brw_5635db6b338f,borrower4efe972b@example.net,2025-12-08,Poor
brw_56a107e9e9c8,borrower90ca5342@example.net,2025-05-08,Fair
brw_099f64786c57,borrower44595754@example.net,2025-09-25,Fair
brw_47fb9aaefa76,borrower5afc34e7@example.net,2025-07-04,Fair
brw_adf5bafb49cb,borrower00a8a397@example.net,2025-05-02,Fair
brw_f5a578c1849e,borrower6648076c@example.net,2026-02-08,Good
brw_426a6a523abe,borrower5754ebf7@example.net,2026-05-19,Fair
brw_cbef3d53707c,borrower49f1e7b3@example.net,2025-08-24,Fair
brw_ad8d216c17b5,borrowerf343c2c7@example.net,2025-11-21,Good
brw_4cfdacf918ac,borrowere807c8e6@example.net,2026-07-23,Good
brw_d25685298fa0,borrowerca87588b@example.net,2026-05-09,Good
brw_9fd7d62083b0,borrowerf1ad81f8@example.net,2026-01-07,Excellent
brw_0cb9bb659652,borrower02373a2f@example.net,2026-05-26,Fair
brw_0ea0db61e9f7,borrowerb88a93da@example.net,2025-10-03,Excellent
brw_5c170e297105,borrower1e90472d@example.net,2026-03-12,Fair
brw_496e206fc593,borrower36d8818a@example.net,2026-03-08,Good
brw_7cbaa70a48f9,borrowerb6a66c61@example.net,2026-03-06,Poor
brw_686ae88db47c,borrowerd21d815c@example.net,2025-12-15,Fair
brw_70968f2cee91,borrowercf6df2ff@example.net,2025-06-11,Fair
brw_376ec097f70c,borrower41c951f1@example.net,2026-03-24,Excellent
brw_68eb90711621,borrowere5de9596@example.net,2026-04-06,Fair
brw_e342f156c39e,borrower6eefb15b@example.net,2025-06-14,Poor
brw_1bec4cf7c347,borrower0f8e5878@example.net,2026-03-07,Fair
brw_49b206a03026,borrower6d5d3e29@example.net,2026-01-04,Fair
brw_16e1af7cc4ed,borrower805b37bd@example.net,2026-05-30,Good
brw_55b6b5437ca1,borrower397be8f5@example.net,2026-02-27,Excellent
brw_819025a1e999,borrower039a2288@example.net,2026-04-12,Fair
brw_92e49df3b848,borrowerccbdecd2@example.net,2026-03-13,Good
brw_a27056fab7a0,borrower855727a9@example.net,2026-02-12,Excellent
brw_3e27fa771422,borrower249b3fec@example.net,2025-11-23,Excellent
brw_9460853b2cc4,borrower46d5e206@example.net,2026-03-18,Fair
brw_2e2ddea860ab,borrowerb891f654@example.net,2026-08-16,Fair
brw_ac97d5bf8e7a,borrowerc190277b@example.net,2026-07-02,Good
brw_5d724cb0b9a9,borrower0b99db0c@example.net,2026-08-04,Good
brw_baafc71bc0ba,borrower7da61537@example.net,2026-06-02,Good
brw_afe80bb116a6,borrower97471a1e@example.net,2025-08-27,Good
brw_dec34408805c,borrowere52b1387@example.net,2025-09-03,Fair
brw_c3aeccd4db1e,borrowerb293bdf1@example.net,2026-05-17,Excellent
brw_9174a3d870bc,borrower625419e3@example.net,2026-08-21,Fair
brw_2388f2ee2b68,borrowerd8ab1819@example.net,2024-09-26,Good
brw_66ebd6d20b97,borrower3cff914a@example.net,2025-11-07,Fair
brw_241e2c3a8bdf,borrower5171e958@example.net,2025-11-06,Fair
brw_34770d4741b1,borrower75c39425@example.net,2025-02-23,Good
brw_d5503d90d724,borrowerdf6dce9a@example.net,2026-08-21,Good
brw_75faa4781506,borrower8d9f9b56@example.net,2026-07-05,Fair
brw_27e5750eaf61,borrower260938e1@example.net,2025-12-25,Good
brw_003712a6c72a,borrowerad78f087@example.net,2025-10-08,Fair
brw_da52f37e5049,borrowerd77d9246@example.net,2026-06-19,Fair
brw_7671dbf3a4f2,borrower1f554823@example.net,2025-09-06,Excellent
brw_f0e3cdf91f6c,borrower86ab6651@example.net,2025-07-14,Poor
brw_480de4e81ec9,borrower496e1066@example.net,2026-07-12,Excellent
brw_fcd604c10197,borrower67aaeae2@example.net,2026-04-23,Fair
brw_2d08a4e353d6,borrower330e2e18@example.net,2025-02-10,Good
brw_a5dbe04376c0,borrowerd5ac8e49@example.net,2025-09-28,Excellent
brw_b9274b1a08bf,borrower6817d520@example.net,2025-10-13,Fair
brw_c299d404faeb,borrower1c15d3ea@example.net,2026-07-14,Fair
brw_04eb4b6050bb,borrower85fe629e@example.net,2025-06-17,Fair
brw_15690bcf1d11,borrower286b41f3@example.net,2026-07-07,Poor
brw_1562bb991edf,borrowerfea40465@example.net,2025-08-12,Good
brw_c69ed31ff87b,borrower373de675@example.net,2026-03-02,Good
brw_6a406105f5d0,borrowerad74298c@example.net,2026-01-24,Good
brw_a85be1be13ca,borrower462414db@example.net,2025-06-18,Fair
brw_10610b6a3608,borrowerb1d4e853@example.net,2026-07-13,Poor
brw_22e24410421e,borrowerf4c89d8d@example.net,2025-11-16,Fair
brw_2b649ba195e2,borrower63c9c95a@example.net,2025-10-03,Good
brw_d1d4f709e167,borrowerc005d756@example.net,2025-09-15,Poor
brw_c45ebe1eac5b,borrowerc9f0ba1d@example.net,2026-05-10,Fair
brw_2133ecbe5bd9,borrower3df574ea@example.net,2026-01-08,Good
brw_bd2ce61fadcc,borrowerb1913263@example.net,2026-02-27,Fair
brw_e200f3a60ef7,borrowera38d97f7@example.net,2026-05-11,Poor
brw_1b1620dc0f9f,borrowerb0df5a20@example.net,2025-07-04,Excellent
brw_a7a2b78f1b5a,borrowerf50a5dee@example.net,2025-05-18,Good
brw_db569c54b672,borrower1fc6fb0a@example.net,2026-02-13,Fair
brw_b87d03ae9cb9,borrower011a78de@example.net,2026-03-25,Excellent
brw_95c3f1744b1d,borrowerdef00e10@example.net,2025-06-16,Good
brw_ff6fad1a41ce,borrowercb76f7ed@example.net,2026-06-02,Fair
brw_eaadd51fca5d,borrower48dd2441@example.net,2026-04-11,Poor
brw_d3b84195951b,borrowerc2acde54@example.net,2025-10-07,Good
brw_258f4b737076,borrowere3026e41@example.net,2026-08-29,Poor
brw_03ae3e99c7cc,borrowere2286717@example.net,2026-07-20,Fair
brw_e47bc70ce610,borrowerfa603c4f@example.net,2026-02-02,Fair
brw_27b2a16aa030,borrower4739135d@example.net,2025-10-14,Fair
brw_cde5129737de,borrowerf0c2a257@example.net,2026-02-01,Fair
brw_7853b5fdc0c4,borrower5117a6a8@example.net,2026-07-18,Good
brw_5ab9f63fa801,borrowerbac61d1a@example.net,2025-10-13,Good
brw_8a8b7aa5b349,borrowerf66bddb4@example.net,2025-12-16,Good
brw_708fadd612a7,borrower3f37d508@example.net,2026-01-11,Good
brw_b4f192e50eb7,borrower884ea6d6@example.net,2025-09-07,Good
brw_fe71255e8536,borrower8f8c4ea4@example.net,2025-10-06,Good
brw_d5c8f6e6c239,borrowerd5dbe3a7@example.net,2026-05-18,Excellent
brw_03ad59ca9bb3,borrowerb545a69a@example.net,2026-06-10,Excellent
brw_e0f2c2ab2b45,borrower18436869@example.net,2026-01-09,Fair
brw_01bd07c9937e,borrower98d2a778@example.net,2026-06-13,Good
brw_3cbbc99f1d6c,borrower18b9a068@example.net,2026-02-04,Fair
brw_f4a9c583458a,borrower4d7b1396@example.net,2025-01-04,Fair
brw_7442ba90f5ff,borrower133956f3@example.net,2026-05-05,Excellent
brw_50417141baad,borrower6d4a7a24@example.net,2026-06-09,Good
brw_8d9cc9143abf,borrowerfff953a6@example.net,2026-06-15,Excellent
brw_b18dcd420b11,borrowerc1292166@example.net,2026-01-10,Good
brw_9242c4791e0b,borrower6c79a1b6@example.net,2025-01-10,Fair
brw_8693944b31e4,borrower2ce301b9@example.net,2025-10-09,Excellent
brw_649f71ec13ba,borrower247c6b85@example.net,2025-05-31,Good
brw_0e02f5285e45,borrower0d4f24a9@example.net,2025-05-27,Fair
brw_7a1dc1b208c6,borrower32543948@example.net,2026-02-11,Good
brw_3d8a5bc7d864,borrower69cc9344@example.net,2026-06-13,Excellent
brw_599484fa9b97,borrowera6ebc6ae@example.net,2025-03-08,Good
brw_c43e524e0531,borrower666d6b0d@example.net,2025-07-11,Good
brw_b7a872cce85a,borrower2f5726a5@example.net,2026-07-25,Fair
brw_b10c7add2267,borrower6e16749c@example.net,2026-08-02,Excellent
brw_94c51a5a90de,borrower43867486@example.net,2025-12-26,Good
brw_9b3a0d47f014,borrower285bde79@example.net,2024-11-13,Excellent
brw_2777999c4981,borrower124534a1@example.net,2025-08-25,Fair
brw_17d8e8dba0f3,borrower86b570f8@example.net,2025-08-05,Good
brw_2f7517a71d40,borrowerf6ee36ce@example.net,2026-01-16,Good
brw_3d0b5ae145f8,borrowerb8814e94@example.net,2026-02-24,Poor
brw_4e7750171ac8,borrower568fb881@example.net,2024-11-28,Good
brw_24592950f550,borrower55d05627@example.net,2025-11-24,Fair
brw_00a85eb0cd6b,borrower7da78318@example.net,2025-09-11,Poor
brw_273dc22d4770,borrower39f535dd@example.net,2026-06-04,Good
brw_65026c490325,borrowera049842f@example.net,2025-11-01,Good
brw_27cf77636472,borrower00219c02@example.net,2026-06-17,Excellent
brw_7ee832d1003f,borrower42f22303@example.net,2026-09-09,Good
brw_a22b242688bb,borrowerccda6a2f@example.net,2025-12-09,Good
brw_25f94e262d9f,borrower503ce676@example.net,2026-05-26,Fair
brw_53043bdfb7fc,borrowera55882d7@example.net,2025-10-06,Good
brw_f2dfde0b5ef7,borrower0fc63bac@example.net,2025-10-16,Poor
brw_d9b256bdbf09,borrower5ffa6dbc@example.net,2025-08-08,Fair
brw_b0cd8120eb25,borrower64dd86f3@example.net,2025-11-01,Poor
brw_858bf16c4382,borrower27bb1bf3@example.net,2026-03-04,Fair
brw_3296b33514e9,borrower79e815c6@example.net,2025-11-09,Poor
brw_4f18f97f9df8,borrower4e6de927@example.net,2025-07-08,Excellent
brw_7c7bcafeabea,borrowerd0bbaa11@example.net,2026-06-20,Good
brw_4eb906c4a586,borrowerad5eefef@example.net,2025-09-05,Fair
brw_524a6c73c2e9,borrower4275abd8@example.net,2026-05-02,Excellent
brw_978569c1a161,borrowerd6dfe87f@example.net,2025-10-15,Fair
brw_d86c24da8298,borrower32d22cf9@example.net,2025-03-06,Fair
brw_4b8ab17d0ef1,borrowera0103792@example.net,2026-01-30,Excellent
brw_cd6845fd2e4d,borrower1f8df21c@example.net,2026-08-09,Good
brw_2f4fa607e102,borrower00ee9550@example.net,2026-04-18,Good
brw_a393d9055951,borrower6b874309@example.net,2026-07-18,Poor
brw_44f71dcfdd77,borroweraf627f8a@example.net,2025-06-30,Fair
brw_f99bce39e808,borrower35b55d6e@example.net,2025-02-22,Poor
brw_e9a48b31aee7,borrower33303a2e@example.net,2025-10-25,Good
brw_8550d7b9e615,borrowere4098086@example.net,2026-08-09,Fair
brw_2f1f28e22098,borrower0743b970@example.net,2026-02-10,Fair
brw_51908306b2fb,borrower61c0126d@example.net,2025-04-10,Good
brw_a149c74ae90b,borrower0eb586d3@example.net,2025-12-14,Fair
brw_c073a0819ee6,borrower1fe293b7@example.net,2026-01-31,Excellent
brw_43001b21005f,borrower95240057@example.net,2026-04-07,Good
brw_a8487c0b361a,borrowerc4805a75@example.net,2025-10-26,Poor
brw_545b594f02b3,borrower7b2fa4bf@example.net,2026-04-15,Fair
brw_29befa33f1b8,borrower89eaa180@example.net,2026-05-03,Poor
brw_a37000a87cb0,borrower1cc59c43@example.net,2025-07-18,Fair
brw_394e08a858c3,borrowerdf783a23@example.net,2026-02-18,Good
brw_dad1c3fd1f44,borrower1e3b7fe1@example.net,2026-04-18,Poor
brw_a38180584a6a,borrowera670e141@example.net,2026-03-13,Fair
brw_60004dafe93b,borrowerbb11f3a5@example.net,2024-12-05,Fair
brw_cc09e81e8672,borrower12bec708@example.net,2026-01-05,Good
brw_ff1bf571f657,borrowerd9e79903@example.net,2026-06-12,Good
brw_ba0a5b240abf,borrower36999445@example.net,2025-08-31,Fair
brw_b690cd88e7ac,borrower65d32fa2@example.net,2025-08-28,Good
brw_45e4a9e5f1c5,borrower2c64d56f@example.net,2026-01-02,Poor
brw_fbb3c6e420d1,borrowerc63d1ee9@example.net,2026-02-26,Fair
brw_7efce1eef1b8,borrower919ed425@example.net,2026-07-07,Poor
brw_bbf86f92784b,borrower6ca63296@example.net,2025-12-01,Good
brw_952bb29352ad,borrowerdf782a4a@example.net,2026-06-23,Fair
brw_ba66af0fe1bf,borrowerb1a80748@example.net,2025-12-31,Excellent
brw_42523e28bef1,borrower85849562@example.net,2024-11-20,Poor
brw_15a3b83cf172,borrower8a5df865@example.net,2026-02-15,Excellent
brw_f3f966929292,borrower57fa4c57@example.net,2025-07-03,Good
brw_b5f750cd4db9,borrower557bb3a1@example.net,2025-09-27,Fair
brw_b34a2785aafb,borrowerad9220b9@example.net,2026-05-09,Fair
brw_b78c639ae192,borrower32086cf4@example.net,2024-12-27,Good
brw_eaa9fd1719d5,borrower5f41c9c4@example.net,2026-01-01,Good
brw_fbf0628989e1,borrower167d31ff@example.net,2025-04-03,Fair
brw_87c3b5a3e568,borrower1748c88f@example.net,2025-05-20,Poor
brw_f2be2d02ae42,borrowerd0c2425e@example.net,2026-05-07,Fair
brw_d72413e86175,borrower7941ddd2@example.net,2026-03-08,Poor
brw_aeb2be592eab,borroweree6dbb9e@example.net,2026-01-23,Fair
brw_380a7741d469,borrowerea484240@example.net,2026-05-05,Good
brw_fd77cd9ad79f,borrower7d39ffb2@example.net,2025-12-13,Poor
brw_5c6630d007e4,borrower5c0d9401@example.net,2026-02-01,Excellent
brw_3a2d1fa83e91,borrower85018373@example.net,2026-01-08,Good
brw_0919197d2089,borrowerfecd8bff@example.net,2026-01-01,Fair
brw_b863cd470c51,borrower6eadf6ff@example.net,2026-02-18,Good
brw_b991a626ee15,borrower3777a36e@example.net,2026-06-11,Fair
brw_a0e1873093f8,borrower31a71eaf@example.net,2025-12-21,Good
brw_9f7f0ceb1ccf,borrower6567a9b1@example.net,2025-08-17,Excellent
brw_7b227f1bcc89,borrower5a08908d@example.net,2025-09-08,Fair
brw_0ebe347040aa,borrower3d5537e8@example.net,2025-07-20,Good
brw_1f4252eb6383,borrower534cef00@example.net,2025-10-30,Fair
brw_83cd4691f059,borrower658463fd@example.net,2024-12-25,Good
brw_deaafb42338e,borrower07303369@example.net,2026-08-10,Fair
brw_d9de787b6949,borrowerf30f36b3@example.net,2025-12-11,Poor
brw_d72393eb5d1a,borrower795270ec@example.net,2025-05-26,Good
brw_ab4bf7a5ad1d,borrower7ad2e132@example.net,2026-01-14,Good
brw_71ad3f4c5b47,borrowerbf492da1@example.net,2025-09-23,Good
brw_12ffdf970368,borrowerecb3dffd@example.net,2025-11-04,Good
brw_1501a888ecd5,borrower47f24ea9@example.net,2026-02-11,Poor
brw_8234275f94e1,borrower12a7cd23@example.net,2026-04-11,Fair
brw_614582319b10,borrower53d654f2@example.net,2025-11-07,Poor
brw_2d2776f61a39,borrower4f33793d@example.net,2025-06-15,Poor
brw_ad6bdff365b2,borrowerbe1d3da5@example.net,2026-03-24,Good
brw_0ee46a5e6988,borroweredb647d8@example.net,2025-09-25,Fair
brw_316ba696a557,borrower0b0a5abd@example.net,2025-05-27,Excellent
brw_c1fed276751b,borrower9f746ab9@example.net,2026-07-27,Fair
brw_35c6eff43b5d,borrowere4703b8e@example.net,2025-04-04,Poor
brw_1f2474d7441d,borrowere7f3376c@example.net,2025-09-06,Good
brw_067f99b81c1c,borrower231f9c37@example.net,2026-07-16,Fair
brw_ded5d897e25e,borrower552d5d07@example.net,2025-05-27,Good
brw_ccca58ecaee2,borrower3e895d1f@example.net,2025-10-11,Poor
brw_a927df9ceac6,borrower5a66dcc2@example.net,2026-08-06,Fair
brw_ed52cb69dbe2,borrower3cbcda92@example.net,2026-04-30,Good
brw_1b83705d8c3b,borrowerb664c02a@example.net,2026-06-28,Fair
brw_b309820eaf4b,borrowercd80d554@example.net,2025-12-24,Fair
brw_9ee6822bf314,borrowere6fbb3c0@example.net,2026-06-19,Excellent
brw_a376fe755b0a,borrower73d38282@example.net,2025-05-29,Fair
brw_500a7f0957ef,borrowerbedae232@example.net,2026-05-22,Poor
brw_d5a9ed7a0d69,borrowerb11013b6@example.net,2026-06-29,Good
brw_a8267ecac290,borrowerf51fed5c@example.net,2026-05-17,Good
brw_c00ee39578c0,borrower8b6204ff@example.net,2026-08-30,Fair
brw_f65d55e7345b,borrowera10f5937@example.net,2025-04-27,Fair
brw_9c8b7e1c0bec,borrowercba8ad5e@example.net,2026-06-23,Good
brw_f60627c27799,borrowerd0c94ca8@example.net,2026-04-08,Fair
brw_607fd4f718f6,borrowerbe4e7bc5@example.net,2025-11-14,Good
brw_8c8edf0ee32f,borrowerf66ba5c3@example.net,2026-05-18,Fair
brw_ba84770bacee,borrower5b885faa@example.net,2026-06-07,Good
brw_7f4ac261bc86,borrowerdd72c223@example.net,2026-02-04,Good
brw_236698f4c1c0,borrower83e7ab8d@example.net,2025-12-21,Fair
brw_7675ea15939d,borrowera915b8e6@example.net,2024-11-18,Good
brw_64b1104f2543,borrowerb83db27b@example.net,2025-01-01,Fair
brw_e29dc83e93a0,borrowerf9d188df@example.net,2026-05-08,Fair
brw_6fdcd368fc2d,borroweraeff3959@example.net,2025-10-17,Fair
brw_9dbf0f3cdcb9,borrower2bf55cb2@example.net,2026-08-04,Fair
brw_681c94bbbc4c,borrower0c71c74b@example.net,2026-01-29,Poor
brw_d550962721d4,borrower8abef27f@example.net,2026-05-03,Fair
brw_1a7d46017c90,borrowerb5033f22@example.net,2025-12-02,Good
brw_2b10ed153a22,borrowerf007ac25@example.net,2025-11-15,Fair
brw_73fa99dddb66,borrowerbd9b3fd7@example.net,2025-10-21,Fair
brw_5817fec74a67,borrower8db655bc@example.net,2025-11-02,Fair
brw_6ecb689b29b7,borrower5c3030c8@example.net,2025-11-20,Poor
brw_ac1efb247bfe,borrowerb8e65713@example.net,2025-11-09,Good
brw_a121151ca0fc,borrower77bea326@example.net,2026-02-24,Fair
brw_5c75fab92d2b,borrowera907868e@example.net,2025-09-16,Excellent
brw_510c424325ce,borrowerf251ff97@example.net,2026-04-30,Fair
brw_8ef8eb7b66d4,borrowerc62f3a91@example.net,2026-06-16,Excellent
brw_a2040eba0de8,borroweraacf9927@example.net,2026-01-07,Poor
brw_e5219a50a30c,borrower04b97760@example.net,2026-01-12,Poor
brw_4e81394afe24,borrower93d8e755@example.net,2025-07-04,Good
brw_e7dd8c21be75,borrower6695ab82@example.net,2025-07-09,Good
brw_3f824fcf21ee,borrower36a4c85d@example.net,2025-07-24,Fair
brw_37361354f230,borrower38bf705f@example.net,2026-04-11,Excellent
brw_c786f1960aa5,borrower20084717@example.net,2025-02-01,Excellent
brw_cc395b2cccbc,borrowerb95bbef3@example.net,2025-01-26,Poor
brw_bb1a426c6ccb,borrower9dadfb31@example.net,2025-09-22,Poor
brw_84591d488d92,borrowera039d56c@example.net,2025-01-24,Fair
brw_5b6373e15410,borrower732aa633@example.net,2026-03-30,Fair
brw_c9e22c00cf14,borrowerbc49e4d4@example.net,2026-08-26,Fair
brw_3667bb230222,borrower3f096301@example.net,2026-02-18,Fair
brw_2ab606be9ed4,borrowerf24cb4c4@example.net,2025-10-25,Fair
brw_d37900b1b219,borrower61b306ad@example.net,2025-07-11,Poor
brw_0b1a714554f0,borrower1ad1379b@example.net,2026-07-12,Good
brw_4408eb25cde1,borrowerc7504bfd@example.net,2026-08-17,Poor
brw_5a3cef0b6c65,borrower45b5ae7c@example.net,2025-12-27,Poor
brw_812554a6bb65,borrowerd3078a5d@example.net,2026-05-30,Excellent
brw_63d2b2605da3,borrower78d4f9bf@example.net,2025-07-10,Poor
brw_80c9c23f0576,borrower5deb2d2e@example.net,2026-04-27,Good
brw_7407e6cd1eaa,borrower62d7ba04@example.net,2026-06-30,Poor
brw_607de196ec98,borrower6c42905a@example.net,2026-04-26,Good
brw_8e4e8e46791f,borrowereb67aa7e@example.net,2026-07-16,Poor
brw_d8193e9237d7,borrower821a4c95@example.net,2026-07-02,Good
brw_023ce74c916c,borrower35f2136c@example.net,2025-10-26,Fair
brw_74e2d1b98cda,borrower91355b09@example.net,2025-03-01,Good
brw_168ee376fa92,borrowerd95fd346@example.net,2025-09-10,Good
brw_0f65cf434d8b,borrowerbe1a8211@example.net,2026-03-08,Excellent
brw_ee6bfc1e3fac,borrowerb16c994b@example.net,2026-02-01,Good
brw_b757f9c8ee90,borrower20b05702@example.net,2025-02-20,Excellent
brw_4b21caadeb77,borrowera3b13a71@example.net,2026-03-28,Good
brw_57a5e7ef0f51,borrower7e1a9377@example.net,2025-02-22,Poor
brw_18c3d074baf5,borrower6f5b3d5c@example.net,2026-07-15,Fair
brw_75670c28d1f2,borrower91c669e0@example.net,2026-01-05,Poor
brw_848ea7e046e8,borrowereeaacde7@example.net,2026-04-03,Good
brw_5b08d754280c,borrower302fba0b@example.net,2026-06-11,Excellent
brw_b40df52d9515,borrowerc3be331b@example.net,2025-06-19,Good
brw_075ebc6ea9fb,borrowerb166ef09@example.net,2025-10-31,Fair
brw_5f1bcfb6e338,borrowerb2a6ede5@example.net,2025-12-07,Excellent
brw_ff375141450a,borrower59586c44@example.net,2025-08-08,Good
brw_770652fcb493,borrowerc7b817d6@example.net,2026-07-05,Fair
brw_312eb58c8122,borrowerbf0c3b49@example.net,2026-07-27,Fair
brw_945be6959271,borrowere345c105@example.net,2026-06-04,Good
brw_e66b60fa7a2b,borrower676d95f7@example.net,2025-05-30,Good
brw_7cf62509eb99,borrower7400cade@example.net,2026-06-27,Poor
brw_0c8c09e80356,borrower9780d2cf@example.net,2026-09-08,Poor
brw_b778ad3b3147,borrower5489795e@example.net,2026-06-28,Excellent
brw_4121f18a54f9,borrower31c7c15a@example.net,2026-05-18,Good
brw_7e956f7bd372,borrower7be5b4dc@example.net,2025-11-01,Excellent
brw_f107512f1d37,borrowercdadca2f@example.net,2026-08-25,Fair
brw_798155736644,borrowerbec55dca@example.net,2026-05-23,Good
brw_e8f3e0907ffa,borrower732e4f79@example.net,2026-06-17,Excellent
brw_c6d67e8fdbf0,borrower996ae610@example.net,2025-09-10,Fair
brw_8427e7d24d9a,borrowerb8e8a00e@example.net,2025-09-07,Good
brw_60949847fc01,borrowerf285e9cc@example.net,2025-08-15,Fair
brw_19078e2bf01b,borrower7408fff2@example.net,2026-07-12,Fair
brw_b876d0ce6571,borrower7164d80c@example.net,2025-03-02,Excellent
brw_13f223470708,borrower20cfc2c9@example.net,2025-08-11,Poor
brw_9ab076fa4c57,borrowere9a7f3d4@example.net,2026-01-16,Good
brw_6fd45d3826ca,borrower954050b9@example.net,2025-01-30,Excellent
brw_771a5249e407,borrower1b23389f@example.net,2026-02-06,Good
brw_ebba4cc11b1c,borrower6f0de49c@example.net,2025-10-16,Good
brw_76caddb64d26,borrower7916c661@example.net,2025-04-18,Excellent
brw_b1807a8c330c,borrowerebd0b005@example.net,2026-07-22,Fair
brw_372053499207,borrower9eadf588@example.net,2026-07-28,Good
brw_d8aca1efaa76,borrower960f5911@example.net,2025-11-17,Fair
brw_028fa63ea992,borrower71eb6011@example.net,2026-04-17,Poor
brw_746d3cc7ac77,borrower295ddd00@example.net,2026-01-12,Good
brw_60c688df5f02,borrowerf0a2e753@example.net,2025-12-03,Excellent
brw_d9577f6fe167,borrower977af2b9@example.net,2025-10-06,Poor
brw_1e27076ce1f0,borrowerc50d1039@example.net,2025-11-07,Fair
brw_99735ebde0b3,borrower40b5c118@example.net,2025-09-24,Good
brw_23cdfeee6be6,borrowerc6031b04@example.net,2026-02-19,Good
brw_3c6262ed5aa4,borrower12bb666e@example.net,2026-04-11,Good
brw_d1079b5ba95d,borrower5dcdc866@example.net,2026-03-08,Excellent
brw_042fa686fae0,borrowerd8409b69@example.net,2026-03-03,Fair
brw_3c29ed126421,borrower30bd4841@example.net,2026-03-27,Good
brw_dbe574af0ed4,borrowerc43f31da@example.net,2025-04-02,Excellent
brw_fe0048152586,borrowerd68b9c0b@example.net,2025-07-03,Excellent
brw_a7002167e5c9,borrower16f1f42b@example.net,2026-07-16,Fair
brw_08cd64a79181,borrower2ad4db2c@example.net,2025-07-20,Fair
brw_81fb74338b02,borrower26688f9a@example.net,2025-12-13,Fair
brw_2b5b4fd5034d,borrower8cc9c237@example.net,2026-04-15,Excellent
brw_cf7728533189,borrowerff7c03df@example.net,2026-04-05,Fair
brw_34d1e9b60761,borrower220233cc@example.net,2025-09-04,Poor
brw_d5f9aa7d9b73,borrowerd536704a@example.net,2025-09-24,Poor
brw_56bab149b5d5,borrower6172149a@example.net,2025-12-06,Good
brw_2e17eb5c0b6d,borroweraeed5243@example.net,2025-12-18,Good
brw_7c32d1764751,borrower77a13332@example.net,2025-11-03,Good
brw_ceb31594deb8,borrower48fad204@example.net,2026-07-12,Fair
brw_b5c777bb653b,borrower5cd5884b@example.net,2026-03-30,Fair
brw_843c9947f973,borrower9e2ff04a@example.net,2025-12-20,Fair
brw_1cb88c45a23e,borrower002bc985@example.net,2025-06-22,Poor
brw_822392686121,borrowerfc6f0fbb@example.net,2025-07-15,Fair
brw_eb54f8542b53,borrower7f362159@example.net,2025-11-12,Excellent
brw_16899edbe5fa,borrowerb4f27a90@example.net,2025-03-25,Fair
brw_615c04c9be3c,borrowerc9b9f15d@example.net,2026-05-11,Good
brw_cd3083bcbb6a,borrowere47f1c1f@example.net,2025-10-06,Good
brw_13db2ef49263,borrower5f3a70bf@example.net,2026-04-11,Excellent
brw_b0c1c01f8a20,borrowerae2aea95@example.net,2025-05-30,Fair
brw_cfa80ee5402c,borrower136c0e77@example.net,2026-03-15,Excellent
brw_b1023dc87f95,borrower8449ded8@example.net,2025-11-17,Excellent
brw_b24944cb7e1f,borrower2589a131@example.net,2025-09-07,Good
brw_d2877d51ba05,borrower2626a0db@example.net,2026-03-06,Good
brw_0eaa25ad499f,borrower0e2fe2ec@example.net,2026-03-29,Fair
brw_2334944c2753,borrowerc4b19f26@example.net,2025-08-16,Fair
brw_6aae54ed61ff,borrower75dd81a8@example.net,2026-07-20,Excellent
brw_c0ab26884d81,borrower2351bd10@example.net,2026-06-23,Fair
brw_8880df7af1af,borrowerae1c7e30@example.net,2025-10-24,Good
brw_dc8463c93421,borrowerd354dc0c@example.net,2025-10-31,Good
brw_bce07bccd1f2,borrower41025d05@example.net,2026-02-24,Good
brw_6f0161bc1e7f,borrower4cebeeff@example.net,2025-09-01,Excellent
brw_0cca3d60ad66,borrowerb7adaca5@example.net,2026-03-02,Good
brw_66b28fed96e0,borrower3bf0608f@example.net,2025-10-21,Good
brw_8ae900e78e89,borrower832bd01f@example.net,2025-10-28,Excellent
brw_3b50531b3b24,borrower061a47cd@example.net,2026-03-17,Fair
brw_45429c3110db,borrower317ebe02@example.net,2026-09-01,Good
brw_a1d3a0fb13c5,borrower171d3ff1@example.net,2026-06-03,Excellent
brw_4b156144ba54,borrower351c6ffb@example.net,2026-05-16,Good
brw_cab4c3e52c9d,borrowerecb4751f@example.net,2026-09-01,Fair
brw_0ca9e76c48eb,borrowerca8fda0c@example.net,2026-06-16,Good
brw_35e692b9fa00,borrower2684e983@example.net,2025-10-05,Fair
brw_c9da8f422a20,borrowerd2d08278@example.net,2025-07-02,Fair
brw_da611928fc03,borrower5b2626b7@example.net,2026-07-25,Poor
brw_ffaf09da9589,borrower5e67af2c@example.net,2026-08-07,Excellent
brw_9cf19a1e6bc6,borrower9303f044@example.net,2025-04-04,Poor
brw_59b575dbb417,borrowerb0b3b839@example.net,2025-12-19,Fair
brw_98458705696b,borrower039644e4@example.net,2025-10-01,Good
brw_3ef10e5f5177,borrower8934e582@example.net,2026-07-09,Excellent
brw_8af831755acd,borrowerc73c6bae@example.net,2026-04-17,Fair
brw_3d5c8e71cc22,borrower0bb4ea31@example.net,2025-11-26,Fair
brw_9acabeeefa47,borrowerd6b9dd45@example.net,2025-04-06,Excellent
brw_907c95be8157,borrowerb45a8328@example.net,2025-06-22,Good
brw_6c612ea38d9d,borrower9f669d29@example.net,2025-12-12,Fair
brw_d8462c8da840,borrower84159204@example.net,2026-03-17,Good
brw_04e9718a641f,borrower2368504e@example.net,2026-04-11,Good
brw_9095cf54dfe5,borrower4c86dfe9@example.net,2026-06-19,Fair
brw_e061f30ab8bc,borrowerbc3a9192@example.net,2026-07-10,Fair
brw_358118c16705,borrower7bf27805@example.net,2025-04-22,Good
brw_241bddda636e,borrower4fea1d24@example.net,2025-09-20,Fair
brw_866104f24486,borrower45f60ea7@example.net,2025-07-17,Good
brw_29a87d941a4a,borrower055cd0c4@example.net,2026-06-28,Good
brw_76f6f54d945a,borrower4ec25b93@example.net,2025-12-04,Fair
brw_ceee23d97780,borrower0e14ea09@example.net,2025-11-04,Good
brw_736af84ae34e,borrower8ea589da@example.net,2025-08-19,Good
brw_f038449d3663,borrowerca2783a0@example.net,2025-09-01,Fair
brw_5f4f5622643f,borrowerdd375d7a@example.net,2026-02-21,Poor
brw_84173dee87cc,borrowere7d813d3@example.net,2025-12-25,Fair
brw_5e9c8f201263,borrowerffbd6630@example.net,2025-11-22,Poor
brw_94a9e782473c,borrower2073d723@example.net,2025-11-20,Good
brw_1e40730929b6,borrower071b7ab8@example.net,2026-07-27,Good
brw_c2f5e8b73f67,borrower3424b237@example.net,2026-04-26,Good
brw_d41ad2dc8410,borrower8b6d4090@example.net,2026-08-01,Fair
brw_0a52e4c9cbee,borrower79a6d6fd@example.net,2026-04-23,Good
brw_2209ce0bc05c,borrower5ff54b45@example.net,2026-08-01,Fair
brw_45ed772eae8f,borrowerd148d922@example.net,2026-07-24,Poor
brw_262a5d097048,borrower6091a458@example.net,2025-06-13,Fair
brw_61c69b0a7bc2,borrower674cd82b@example.net,2026-01-24,Good
brw_90c171568506,borrower0212bdf5@example.net,2025-12-30,Fair
brw_99a6c6668811,borrowerf2b13630@example.net,2025-05-03,Good
brw_999fc1bb0537,borrower8f82907f@example.net,2025-07-21,Fair
brw_039395e684bf,borrower984eed1e@example.net,2026-04-19,Good
brw_f3d9d518f502,borrower65faa6e6@example.net,2026-06-26,Excellent
brw_c23c64fee8c5,borrowerbacf1312@example.net,2026-07-14,Poor
brw_470f49936bf2,borrower233a5cca@example.net,2026-04-09,Fair
brw_a42e69d77bed,borrower832bbbfc@example.net,2026-01-25,Good
brw_489a28ace651,borrower557d274e@example.net,2026-05-19,Good
brw_3eaffab7c0b7,borrower2183bd44@example.net,2026-02-25,Fair
brw_4bb04d66ebc8,borrower415c2576@example.net,2026-06-23,Good
brw_8a5d901511a8,borrower509f8649@example.net,2026-05-05,Good
brw_afbbd4781a9e,borrower1ade1fbb@example.net,2026-04-11,Fair
brw_836122f76996,borrowercfcb2bfe@example.net,2025-08-07,Fair
brw_e1a8d801656d,borrower498f04a3@example.net,2026-07-28,Excellent
brw_6494c69ec38c,borrowercad4e9fa@example.net,2025-10-21,Good
brw_2986c85fbc56,borrower4834f0f6@example.net,2025-09-22,Fair
brw_d188e35f002f,borrower192852d3@example.net,2025-04-22,Poor
brw_8db2769d8d5e,borrower8f01190b@example.net,2026-04-14,Fair
brw_9fbc7ce70c41,borrower40b7f32d@example.net,2026-06-30,Good
brw_f05ed002f231,borrower866b4720@example.net,2025-01-23,Fair
brw_8b1ac1a404f5,borrower56f5d814@example.net,2026-03-19,Fair
brw_28f1c6fe87b5,borrowerbd5a3f14@example.net,2025-03-13,Good
brw_39a6be2d3b3f,borrower751b0aad@example.net,2026-03-26,Fair
brw_ec577ed327e7,borrower9e18c3f7@example.net,2025-07-19,Fair
brw_0947f8a737c6,borrowerf1f9fb85@example.net,2025-07-06,Fair
brw_0f51d57a818b,borrower3e1aa1e9@example.net,2025-10-17,Fair
brw_18d801eaf970,borrowerd5227571@example.net,2025-11-10,Good
brw_f0986c638272,borrower3e3011d3@example.net,2026-04-01,Good
brw_83ef690de6db,borrower341bccaf@example.net,2026-06-15,Good
brw_f6de54a91b1e,borrower661a4a31@example.net,2025-02-26,Good
brw_4513918db709,borrowerfa510e9b@example.net,2026-05-28,Excellent
brw_0169e2f392b7,borrowerd8a526a0@example.net,2026-07-23,Fair
brw_41af4f706136,borrower93e8f077@example.net,2026-07-15,Fair
brw_2a5d58442f74,borrowercaf64afd@example.net,2025-06-30,Poor
brw_9dd84d58b653,borrower7d10eaa6@example.net,2026-08-10,Good
brw_744844288c1e,borrowerfe552ff7@example.net,2025-08-24,Excellent
brw_54050d1fce76,borrower3482f32e@example.net,2026-03-26,Good
brw_afd87d81dd67,borrower9b85ab83@example.net,2025-07-04,Fair
brw_02dd3ad9bd0f,borrower410de701@example.net,2025-07-22,Good
brw_017ff13ad2a9,borrower86536c8b@example.net,2026-02-26,Good
brw_a444fc5f2db2,borrower492059a3@example.net,2025-10-22,Good
brw_1daf4533f8ef,borrower5e93a8d4@example.net,2026-02-23,Good
brw_7dde81048000,borrower36e04908@example.net,2025-09-05,Good
brw_e060f7e1093a,borrowere2564457@example.net,2026-01-10,Good
brw_e92d3ff0306e,borrower4300562c@example.net,2025-07-22,Good
brw_95b5dd3b273b,borrower88201d64@example.net,2025-06-30,Good
brw_83d1fef4dfea,borrower023162a6@example.net,2025-02-27,Poor
brw_01f711fcea09,borrower3d09d134@example.net,2026-02-15,Good
brw_b2cdf6028787,borrower040b752b@example.net,2026-03-23,Fair
brw_3bcf34289b36,borrowera8b38ea2@example.net,2025-01-26,Fair
brw_b7e6e471d3aa,borrower323ad673@example.net,2025-07-28,Excellent
brw_14709ecbc140,borrower60aed4cf@example.net,2026-05-18,Fair
brw_43267584c041,borrower54cea7fb@example.net,2025-05-26,Fair
brw_371d5e51e481,borrower56a466c2@example.net,2026-07-14,Fair
brw_9cbf38e78aa8,borrower1655b343@example.net,2025-06-16,Good
brw_88ddb0435678,borrower2060580e@example.net,2025-08-26,Good
brw_0c8c6596e718,borrower7c9af1fe@example.net,2025-04-23,Excellent
brw_02fa1157e571,borrowerb9c42e5c@example.net,2026-02-26,Poor
brw_44764cf9d0c9,borrowerd66104ad@example.net,2026-05-29,Good
brw_ccf6af544e5e,borrower227048b3@example.net,2026-04-07,Excellent
brw_e9b7b4b683b3,borrower53e1534b@example.net,2026-08-02,Fair
brw_6186611d5213,borrowerb5356537@example.net,2026-05-24,Poor
brw_aeede01edef5,borrower18d3347b@example.net,2026-03-26,Excellent
brw_9345f53ca303,borrowere6b08e19@example.net,2025-03-22,Fair
brw_4d3309cbd0c1,borrower392b3393@example.net,2025-11-07,Fair
brw_67d297f73ae6,borrower07dc7b3f@example.net,2026-07-01,Good
brw_37378d242875,borrower8157bb33@example.net,2025-07-05,Fair
brw_f77a6cec818d,borrower0062b3c8@example.net,2026-07-01,Fair
brw_cfe644b49716,borrower8c3ace4c@example.net,2026-02-21,Excellent
brw_bb7338165302,borrowera96b9408@example.net,2026-07-23,Good
brw_eae18ebf1623,borrower40c5c1a3@example.net,2025-07-01,Fair
brw_6a270ca47492,borrowerb135bc7c@example.net,2025-09-20,Fair
brw_4f60942ec560,borrowerdb7ccea7@example.net,2026-07-11,Good
brw_d59a45d2d2fc,borrowerc29e78ce@example.net,2026-04-27,Excellent
brw_a1327dcb2603,borrowerae5a017a@example.net,2026-03-06,Fair
brw_1651dd009b6d,borrower18efcf07@example.net,2026-02-17,Excellent
brw_3bf3b6125bef,borrower573a0be0@example.net,2025-04-23,Fair
brw_83f7151a94a0,borroweref3f3acc@example.net,2026-08-24,Fair
brw_d9841ad5e649,borrowerd9437eae@example.net,2026-05-21,Excellent
brw_5477a2b0c831,borrower3d632252@example.net,2026-03-02,Fair
brw_38fe374724cf,borrower0f09cc78@example.net,2026-05-22,Good
brw_a8c4839022ae,borrower5fbf157f@example.net,2025-10-30,Excellent
brw_8ccecccc29a7,borrower2826e824@example.net,2025-01-09,Excellent
brw_4d7ebde27f19,borrower87134282@example.net,2026-01-14,Fair
brw_80088e50c7b7,borrower5bbcbfdb@example.net,2024-12-04,Fair
brw_554cdd4d846a,borrowerd2001345@example.net,2026-03-20,Good
brw_9948a414f595,borrower60c9ab03@example.net,2025-11-16,Poor
brw_767d803d6b91,borrower06f48f40@example.net,2026-05-17,Excellent
brw_416d9d4f26f3,borrower51d11fab@example.net,2025-08-07,Good
brw_963a3371904f,borrower71362409@example.net,2025-09-16,Fair
brw_05893e303d59,borrower90067ce0@example.net,2025-08-20,Fair
brw_319f06c41bfe,borrower9d068fd7@example.net,2026-04-14,Excellent
brw_be0ceabcf5dd,borrowerb43f1265@example.net,2026-01-04,Fair
brw_972de9a3bbbd,borrowerdb6082f7@example.net,2026-06-17,Fair
brw_d4a2d8dbdcd8,borrowercd9e46b3@example.net,2026-02-13,Fair
brw_1e6e494c79fc,borrower5b8832f0@example.net,2025-11-18,Fair
brw_821f7dadee88,borrower7272f647@example.net,2026-07-29,Fair
brw_79143c503db4,borrower0559ad73@example.net,2026-02-17,Good
brw_12dbd61e4a9c,borrower471bfe87@example.net,2026-08-07,Good
brw_b07f2bd1e9da,borrower5f19bef2@example.net,2026-08-08,Poor
brw_416aa09ecc56,borrowerc1af5de9@example.net,2026-01-19,Poor
brw_33cf4b9f8d2b,borrower91ee820f@example.net,2026-01-05,Good
brw_362aeb2600a0,borrower0f8d14e3@example.net,2025-09-02,Good
brw_c8c26128a6cb,borrower580fd29a@example.net,2026-04-03,Fair
brw_3628c2f09369,borrower812e71f2@example.net,2025-06-03,Good
brw_dc1f6a148e36,borrower7fdca548@example.net,2026-07-06,Good
brw_bd6986ff2592,borrower0e2177fa@example.net,2025-05-10,Fair
brw_c2ee0fd6128b,borrowerc7da77a5@example.net,2025-05-05,Good
brw_8b1654872be8,borrower8e61bc33@example.net,2025-01-11,Good
brw_3215d7c0d404,borrower41722978@example.net,2026-01-28,Poor
brw_74100250205f,borrower0c20a214@example.net,2026-01-17,Fair
brw_79aabdd21ced,borrowera9436bb5@example.net,2025-09-20,Excellent
brw_302be39f9a38,borrower61f70ea7@example.net,2025-12-04,Fair
brw_ea4d97ac4baf,borrower6ce7408c@example.net,2026-01-04,Good
brw_c3cdd1599334,borrower76554c81@example.net,2026-07-22,Fair
brw_dfc63c0a025f,borrower73081c08@example.net,2026-04-25,Fair
brw_3d5d50663e5e,borrower9d698c9c@example.net,2026-03-03,Fair
brw_24d882808d67,borrowerf30636e9@example.net,2026-04-06,Excellent
brw_d659b320c4a0,borrower174bbd7c@example.net,2025-05-30,Good
brw_2db5bd57bbec,borrowerf9128ace@example.net,2024-10-20,Good
brw_52f5df32b1f9,borrowerdf26a3f9@example.net,2024-12-27,Poor
brw_fc84194eadbe,borrower7a3d0c9b@example.net,2026-07-24,Fair
brw_d91c7d8857bd,borrower8948e470@example.net,2026-04-01,Fair
