loan_id,offer_id,borrower_id,lender_id,funded_amount,apr,term_months,funded_date,origination_fee_pct,origination_fee_amount
loan_c5a8f32ee6b4,off_c40f1d4e76a3,brw_8c408e255746,lnd_5201a46cec3a,8262.81,0.1162,36,2026-09-19,0.025,206.57
loan_c45cdb54ea47,off_d7bfda960d75,brw_8c408e255746,lnd_eb741dcfd1a0,6831.55,0.1328,48,2026-06-23,0.022,150.29
loan_f7bd5ca6f84d,off_d022e56b242b,brw_b9a7a4f01a7c,lnd_5201a46cec3a,16545.12,0.1307,36,2025-08-24,0.025,413.63
loan_4afde55e2dc8,off_5a759c146552,brw_b9a7a4f01a7c,lnd_035d3bde8267,6833.11,0.0999,60,2025-07-26,0.018,123.0
loan_e4c0100eb379,off_bdc29c73702b,brw_4ddf8211ad16,lnd_40648b57da4a,13661.03,0.2871,60,2026-08-06,0.04,546.44
loan_34d2aa723542,off_621496ff3dd7,brw_c35af7b13f27,lnd_54a37531f7e5,24174.76,0.1121,36,2026-08-20,0.015,362.62
loan_5114dbc85b54,off_2fef620789df,brw_c35af7b13f27,lnd_68d1bb39a009,8829.81,0.1665,36,2026-09-06,0.03,264.89
loan_4e5dd9f6ec09,off_5bc9b98cbab3,brw_4105177c8aec,lnd_f0806e150f18,16645.03,0.1335,36,2026-03-01,0.032,532.64
loan_a71acebd5ae0,off_09f9d78d9a11,brw_4105177c8aec,lnd_40648b57da4a,8818.77,0.3555,36,2026-08-03,0.04,352.75
loan_fc1d7bb28461,off_f798405845ed,brw_96134911d72b,lnd_2e2adcc3d662,25022.33,0.16,12,2026-07-24,0.028,700.63
loan_195b86d0cb1f,off_cb3ed14bc545,brw_724b50bda1a3,lnd_ebd3fcc47db6,6663.91,0.0871,12,2025-08-09,0.02,133.28
loan_a90fd63df3b7,off_31bda6a62d5f,brw_3e38fef38249,lnd_f0806e150f18,24635.87,0.1321,24,2025-11-20,0.032,788.35
loan_f098698c5ae8,off_3fed4728fae9,brw_1b57310b0669,lnd_eb741dcfd1a0,7925.26,0.09,36,2026-07-04,0.022,174.36
loan_f42edcd02f52,off_6c501d3ecb01,brw_777832b09d66,lnd_54a37531f7e5,9195.6,0.08,36,2025-10-14,0.015,137.93
loan_f1c839722a3d,off_f836dbd09ae8,brw_777832b09d66,lnd_54a37531f7e5,19737.05,0.1351,24,2026-03-11,0.015,296.06
loan_ebc233e62248,off_7ea40178203a,brw_144c8a1d554b,lnd_68d1bb39a009,22986.95,0.146,36,2026-09-05,0.03,689.61
loan_8d9da2079034,off_d8b19fe7bce9,brw_17fc73551b94,lnd_68d1bb39a009,15040.33,0.1893,48,2026-09-07,0.03,451.21
loan_49119a80758d,off_961b36768600,brw_17fc73551b94,lnd_f0806e150f18,14153.44,0.1289,24,2025-09-25,0.032,452.91
loan_117e9814b208,off_41df612db9ce,brw_ba2ee3a5a60a,lnd_40648b57da4a,15505.54,0.2539,48,2026-05-14,0.04,620.22
loan_68e350f0b651,off_872cb438fb92,brw_ba2ee3a5a60a,lnd_abf7ad1fc508,19790.82,0.236,48,2026-05-07,0.045,890.59
loan_6889ed561f97,off_201511515c45,brw_ba2ee3a5a60a,lnd_40648b57da4a,11102.54,0.2677,12,2026-09-13,0.04,444.1
loan_50da85e64086,off_4831c2740d47,brw_4b1e9c94f363,lnd_68d1bb39a009,14301.81,0.1741,60,2026-08-13,0.03,429.05
loan_837f5e1083dc,off_17b3368a0c59,brw_f74c18a29085,lnd_68d1bb39a009,22590.54,0.1741,24,2026-02-14,0.03,677.72
loan_4287194adde8,off_3da1547ef8d7,brw_04e14a62fb52,lnd_f0806e150f18,12804.85,0.2099,36,2026-07-11,0.032,409.76
loan_dd3dbb6c9003,off_5f3a8722880a,brw_29b6e3cf672b,lnd_eb741dcfd1a0,3472.71,0.1114,24,2026-06-15,0.022,76.4
loan_61e4fe74a647,off_35329c2c0893,brw_cedd44c03fdb,lnd_54a37531f7e5,26502.5,0.1095,36,2026-08-18,0.015,397.54
loan_252976f8a5be,off_7e2da860f885,brw_cedd44c03fdb,lnd_40648b57da4a,5092.39,0.2193,48,2026-08-20,0.04,203.7
loan_e88452cbf889,off_0a7a6a8810df,brw_921c7e3dcc39,lnd_40648b57da4a,5921.12,0.2387,60,2026-09-15,0.04,236.84
loan_72f4f7dcaa42,off_14f8982d42ce,brw_af3b4b559613,lnd_eb741dcfd1a0,35981.51,0.0977,24,2026-04-27,0.022,791.59
loan_603ac87387dd,off_626e7fef9882,brw_af3b4b559613,lnd_f0806e150f18,12962.86,0.1326,12,2026-07-27,0.032,414.81
loan_ec8fde4b386d,off_b2c594cf6afe,brw_408c5e34b2c1,lnd_40648b57da4a,10682.83,0.3024,48,2026-06-06,0.04,427.31
loan_c13516ae2cd7,off_dbd5fb350006,brw_408c5e34b2c1,lnd_abf7ad1fc508,18931.93,0.2749,12,2026-06-17,0.045,851.94
loan_03010a3acab2,off_2394d4370b21,brw_c86e9eef5839,lnd_f0806e150f18,20043.31,0.1856,60,2026-02-23,0.032,641.39
loan_60d20b681519,off_738ce94fcb42,brw_c86e9eef5839,lnd_68d1bb39a009,23036.6,0.2097,12,2026-04-25,0.03,691.1
loan_84198bd69189,off_62ff249ccc6d,brw_e5ffc929693e,lnd_2e2adcc3d662,6239.79,0.1494,36,2026-04-25,0.028,174.71
loan_739b41cb8739,off_cfb279b9d007,brw_851435f27135,lnd_2e2adcc3d662,18229.41,0.1773,48,2026-02-10,0.028,510.42
loan_ed90de908374,off_c5cd20609104,brw_4c1e29ba042b,lnd_f0806e150f18,28596.18,0.1335,36,2026-07-28,0.032,915.08
loan_a142246d66ea,off_390df2c9598f,brw_4c1e29ba042b,lnd_5201a46cec3a,2458.4,0.1262,60,2026-08-08,0.025,61.46
loan_be3af428699f,off_7b70a0a6eb60,brw_c2c3194e6788,lnd_5201a46cec3a,27789.37,0.1447,24,2026-09-05,0.025,694.73
loan_17ed5d85f1a6,off_a28655867eae,brw_c2c3194e6788,lnd_eb741dcfd1a0,19994.44,0.1416,24,2026-07-14,0.022,439.88
loan_27b250fee806,off_8c7ca52e13b3,brw_2460e90f0d79,lnd_abf7ad1fc508,23478.77,0.3087,36,2026-08-19,0.045,1056.54
loan_0ebcbf2f672a,off_121888fa5044,brw_2460e90f0d79,lnd_abf7ad1fc508,19680.78,0.256,48,2026-09-19,0.045,885.64
loan_54331fe30d56,off_5c6aa7b51c10,brw_74314b156379,lnd_eb741dcfd1a0,24400.22,0.1247,36,2025-09-15,0.022,536.8
loan_94c2f1fde2c8,off_79c9c6b58566,brw_c07f849a73b6,lnd_54a37531f7e5,31620.41,0.087,48,2026-02-10,0.015,474.31
loan_d4242c699dca,off_09885a901513,brw_cce9f093402c,lnd_54a37531f7e5,18459.36,0.0814,36,2025-11-09,0.015,276.89
loan_b806b31c80db,off_9f310be60446,brw_31241439df73,lnd_eb741dcfd1a0,9115.08,0.1303,36,2026-05-31,0.022,200.53
loan_f70bd9baf005,off_d63bee071a7d,brw_250319701196,lnd_f0806e150f18,7527.03,0.1341,48,2026-03-06,0.032,240.86
loan_0ed6ba5b21e4,off_21deb46f341a,brw_81bac5032c10,lnd_abf7ad1fc508,11731.15,0.231,36,2026-05-09,0.045,527.9
loan_faf184e7137f,off_3e93b702e397,brw_e1cc84e0717c,lnd_5201a46cec3a,2943.64,0.1204,36,2026-03-30,0.025,73.59
loan_604a254ec088,off_aa0b71d7519b,brw_769c6556eaa3,lnd_abf7ad1fc508,3164.95,0.3286,60,2025-02-20,0.045,142.42
loan_8fb150d3078d,off_737b76f5814f,brw_769c6556eaa3,lnd_2e2adcc3d662,19186.65,0.1808,24,2025-12-30,0.028,537.23
loan_835db55f1bf2,off_be6389f35f5a,brw_2b87f526da17,lnd_eb741dcfd1a0,28989.53,0.0905,24,2026-09-03,0.022,637.77
loan_e2f6ac2f8e37,off_d90ed0f0f739,brw_e53da88fd8b1,lnd_f0806e150f18,8429.61,0.1498,24,2026-04-07,0.032,269.75
loan_8c8ec6b905cc,off_065ea5c5e1ee,brw_ef10c76a3abf,lnd_5201a46cec3a,20945.97,0.1312,48,2026-09-11,0.025,523.65
loan_57393e6297fc,off_b30b3ea10421,brw_bd2b2213296f,lnd_40648b57da4a,23125.45,0.3087,36,2025-04-14,0.04,925.02
loan_da848e866442,off_1fbb81f98abb,brw_bd2b2213296f,lnd_40648b57da4a,2530.84,0.3505,36,2025-12-19,0.04,101.23
loan_b0575eef9374,off_9adfce1a67d2,brw_0b8a1c46909c,lnd_abf7ad1fc508,7670.01,0.3117,48,2026-09-19,0.045,345.15
loan_14585626de7d,off_d4a0920e6afb,brw_0b8a1c46909c,lnd_f0806e150f18,29478.42,0.1401,48,2026-09-16,0.032,943.31
loan_34edda58ce90,off_538702356511,brw_fd79a1822665,lnd_abf7ad1fc508,3146.78,0.3476,60,2026-01-02,0.045,141.61
loan_a9496eed51d6,off_1b23ba7728ea,brw_fd79a1822665,lnd_68d1bb39a009,15346.08,0.1639,60,2026-05-04,0.03,460.38
loan_f26728bcb8da,off_dccceedcea19,brw_cb9e72347365,lnd_68d1bb39a009,16695.32,0.1339,36,2026-09-15,0.03,500.86
loan_910160bf9899,off_325318c08c23,brw_d77a16be0e9f,lnd_abf7ad1fc508,23103.1,0.3051,60,2026-03-24,0.045,1039.64
loan_610a755f4dc6,off_f9e2056a0b25,brw_cec721950113,lnd_f0806e150f18,24017.16,0.174,12,2026-03-16,0.032,768.55
loan_d76fe3bed1a2,off_1ab6e2535fd1,brw_cec721950113,lnd_5201a46cec3a,13744.51,0.1143,36,2026-06-29,0.025,343.61
loan_7d3fdcdb9a75,off_e70b58c69d91,brw_e7d478ba99dc,lnd_5201a46cec3a,19602.36,0.164,60,2026-03-25,0.025,490.06
loan_545342e19917,off_237332d0f1f0,brw_9b8583b56653,lnd_abf7ad1fc508,16192.33,0.2789,36,2026-01-17,0.045,728.65
loan_9e300c5c6582,off_e923f3deff3b,brw_8425012678cd,lnd_5201a46cec3a,8121.65,0.1184,36,2026-05-13,0.025,203.04
loan_7a26e6246c4a,off_32cf11b01b26,brw_6c7918b42c97,lnd_abf7ad1fc508,8818.07,0.2456,12,2026-07-23,0.045,396.81
loan_6e5635579b1e,off_ae479d1def75,brw_6c7918b42c97,lnd_f0806e150f18,7722.38,0.1276,60,2025-12-17,0.032,247.12
loan_213e8adb81da,off_835deb10fa00,brw_932b8fe1500e,lnd_f0806e150f18,17210.69,0.1461,36,2026-09-17,0.032,550.74
loan_94a27ebdfcad,off_922ce58a7793,brw_5d7c8a2fc827,lnd_abf7ad1fc508,6073.17,0.2845,48,2026-08-28,0.045,273.29
loan_b4676d0181c9,off_84a67bea73fc,brw_cfb69674c5d3,lnd_2e2adcc3d662,29505.95,0.2295,24,2026-07-27,0.028,826.17
loan_8deb3988dfbe,off_72157c8179e7,brw_cfb69674c5d3,lnd_2e2adcc3d662,22028.95,0.1551,24,2026-08-22,0.028,616.81
loan_df6bd76efd7e,off_9035f2832c31,brw_fdf3db3581e4,lnd_ebd3fcc47db6,21780.55,0.0765,24,2026-06-30,0.02,435.61
loan_914dc1b422ae,off_a88f91ec4c59,brw_503ee5d1c3a5,lnd_40648b57da4a,8797.28,0.2198,60,2026-05-07,0.04,351.89
loan_bda62605dbc1,off_3c92a903b41c,brw_6ab5015391c5,lnd_68d1bb39a009,2399.47,0.1932,36,2026-09-06,0.03,71.98
loan_cd38cb0bc47c,off_ae57abec93b5,brw_6fffb8257ff3,lnd_40648b57da4a,5364.81,0.3288,12,2026-06-10,0.04,214.59
loan_cf3ebb99c1d4,off_ab2054a160c5,brw_0f206dca4d47,lnd_f0806e150f18,27595.31,0.1335,36,2026-05-12,0.032,883.05
loan_b6e8624bd3e1,off_6b2791f70b8a,brw_2b0b85df191f,lnd_abf7ad1fc508,14135.27,0.2565,36,2026-08-23,0.045,636.09
loan_5fa8fdead6c1,off_47d3f90e3c81,brw_1ebffc383a13,lnd_2e2adcc3d662,2548.42,0.1858,48,2026-07-15,0.028,71.36
loan_a1014a72ea1b,off_ca19b6d4356e,brw_f1bda367b8e2,lnd_abf7ad1fc508,36975.99,0.2776,36,2025-09-25,0.045,1663.92
loan_f64a6687da6d,off_aae6916b3a8b,brw_3f91708bb7e8,lnd_40648b57da4a,14322.42,0.2713,48,2026-08-22,0.04,572.9
loan_c62e80db4120,off_73dda2312017,brw_aff54c8bfa61,lnd_abf7ad1fc508,20756.04,0.2209,60,2026-09-19,0.045,934.02
loan_c091051f894c,off_0e6438dfd583,brw_746bf50dc2b6,lnd_f0806e150f18,17286.94,0.1524,12,2026-05-07,0.032,553.18
loan_c754f3a5d6d8,off_d88cc6014f15,brw_9fe0e72e20eb,lnd_eb741dcfd1a0,16594.58,0.0957,48,2026-07-06,0.022,365.08
loan_bae0a6f8f178,off_598b18b4cbf6,brw_e5bef617885b,lnd_40648b57da4a,14109.22,0.2129,60,2026-07-31,0.04,564.37
loan_ad5eefee8f25,off_bccbd1dfa8e5,brw_55c5e1856df2,lnd_40648b57da4a,13752.79,0.3468,48,2026-07-07,0.04,550.11
loan_2e1cbe7a42b3,off_92483b861b8a,brw_ebf8b4cd0f67,lnd_ebd3fcc47db6,20068.94,0.0605,36,2025-08-03,0.02,401.38
loan_b94e436d626a,off_b266ea4be6f6,brw_ebf8b4cd0f67,lnd_ebd3fcc47db6,13245.18,0.086,24,2026-04-25,0.02,264.9
loan_29c57ed60b98,off_3d245cc6efa9,brw_532c33fb5ae8,lnd_f0806e150f18,3384.8,0.1679,36,2026-07-24,0.032,108.31
loan_78d1818ea8f2,off_49111e43b388,brw_14043a6a63bc,lnd_68d1bb39a009,17755.62,0.1503,36,2026-05-29,0.03,532.67
loan_172364bdc3a1,off_73956ba150d5,brw_14043a6a63bc,lnd_f0806e150f18,8317.01,0.2065,48,2026-09-19,0.032,266.14
loan_e25a0145320d,off_b99ee7b18e8d,brw_ccfd5486584f,lnd_68d1bb39a009,15078.98,0.1414,12,2026-07-29,0.03,452.37
loan_bf66a8e1f5e2,off_538e704b5f03,brw_f585e2153caa,lnd_f0806e150f18,11079.94,0.1471,48,2025-09-11,0.032,354.56
loan_c7ff4ca77104,off_1913051b2e35,brw_3e87a5621543,lnd_2e2adcc3d662,13457.54,0.201,60,2026-09-13,0.028,376.81
loan_e18d1f304791,off_80e127e71768,brw_3e87a5621543,lnd_eb741dcfd1a0,23695.95,0.1314,24,2026-08-01,0.022,521.31
loan_dae57c958295,off_2c106097ac3e,brw_3e87a5621543,lnd_54a37531f7e5,23909.43,0.1036,48,2026-09-12,0.015,358.64
loan_ca47b5b052fc,off_66d77af042fc,brw_ad7bdcdf39c8,lnd_54a37531f7e5,17535.23,0.0908,48,2026-08-15,0.015,263.03
loan_a76e2fe41d0d,off_fd103c2dd968,brw_953e880430f9,lnd_f0806e150f18,13187.23,0.1769,36,2026-03-16,0.032,421.99
loan_dd6009f13b97,off_ef35b755b410,brw_5f4f85b2ddab,lnd_035d3bde8267,12511.61,0.069,48,2025-07-22,0.018,225.21
loan_9bc910b9ded7,off_39aab64a772a,brw_879f3593a9d8,lnd_54a37531f7e5,24440.8,0.0926,60,2026-07-17,0.015,366.61
loan_3f03823d9fb8,off_2f689cd422fb,brw_9cedcf270deb,lnd_68d1bb39a009,1333.1,0.16,12,2026-05-09,0.03,39.99
loan_e162fe8b34e4,off_639c6daea1d2,brw_4db7a547f887,lnd_40648b57da4a,9295.32,0.2833,24,2026-07-18,0.04,371.81
loan_50f36d40fbd3,off_2fcb39b47c96,brw_4db7a547f887,lnd_68d1bb39a009,26788.64,0.1652,24,2026-08-17,0.03,803.66
loan_cfda608726ca,off_8cb6ba28b807,brw_4db7a547f887,lnd_5201a46cec3a,12076.92,0.1042,48,2026-09-16,0.025,301.92
loan_e496bf0e3271,off_f78bb3bfa0df,brw_42881d861914,lnd_eb741dcfd1a0,5603.86,0.1423,12,2026-06-11,0.022,123.28
loan_67c480e89168,off_c24f6b0169dc,brw_6bf05e224f9f,lnd_40648b57da4a,21568.56,0.2236,36,2026-09-02,0.04,862.74
loan_ebe311c940db,off_b26e9e2cfaef,brw_9b4edeefa0d6,lnd_abf7ad1fc508,6365.21,0.3263,36,2026-05-15,0.045,286.43
loan_2e46c8b8ebca,off_cce374ac3ffe,brw_9b4edeefa0d6,lnd_40648b57da4a,3857.06,0.2728,48,2026-07-22,0.04,154.28
loan_724d93996dfa,off_a78b221c5880,brw_ea521312ce22,lnd_eb741dcfd1a0,11933.07,0.1316,36,2026-07-09,0.022,262.53
loan_a7c8019f4f8e,off_2b266d2f7e41,brw_e86107bd6137,lnd_68d1bb39a009,28613.32,0.1577,24,2025-08-19,0.03,858.4
loan_9a53c92478dc,off_30cbda345367,brw_99048d4e3937,lnd_5201a46cec3a,12243.56,0.162,24,2026-06-28,0.025,306.09
loan_44e167491d52,off_27a4d0c0f4f5,brw_333d98fd235e,lnd_eb741dcfd1a0,31387.29,0.1379,60,2026-05-25,0.022,690.52
loan_c7ffe5a99138,off_9341d0092042,brw_3901623df2e8,lnd_40648b57da4a,2716.25,0.2775,36,2026-05-08,0.04,108.65
loan_55f7445c6b3e,off_54e68a4edac0,brw_b16b8d6f19bd,lnd_2e2adcc3d662,17225.43,0.1623,36,2026-08-07,0.028,482.31
loan_5d6077a19820,off_8fb4dfbd43d6,brw_51c29d362983,lnd_eb741dcfd1a0,12317.12,0.1302,36,2026-05-31,0.022,270.98
loan_2ebfab1e7f5e,off_5f8f6b0d4634,brw_51c29d362983,lnd_eb741dcfd1a0,9946.67,0.1273,36,2026-06-07,0.022,218.83
loan_ac994a42f34b,off_bafd2a98896a,brw_45322a8a1590,lnd_40648b57da4a,8680.97,0.318,60,2025-05-20,0.04,347.24
loan_cfe3a3dfc2f4,off_bf2d2b7b7b69,brw_9bf1c3c2d414,lnd_68d1bb39a009,12752.33,0.1402,36,2026-08-17,0.03,382.57
loan_91e8f264461b,off_0496c3aee33f,brw_342752d88919,lnd_eb741dcfd1a0,12243.76,0.1309,48,2026-09-19,0.022,269.36
loan_b04e88ed26b4,off_cfc86ea1ec29,brw_593abe1ecf8f,lnd_2e2adcc3d662,27438.09,0.1447,60,2025-08-26,0.028,768.27
loan_3e3a7a7a027b,off_77698cc3af77,brw_ee1e300b4ee6,lnd_2e2adcc3d662,17377.68,0.2281,36,2026-05-21,0.028,486.58
loan_28c7d37ed779,off_206afbf296ec,brw_49fd085330d0,lnd_68d1bb39a009,16531.6,0.1332,24,2026-09-14,0.03,495.95
loan_173538b1fb7c,off_5e4f9247ffaf,brw_bb5f0b0a9f60,lnd_40648b57da4a,8724.25,0.3079,36,2026-02-03,0.04,348.97
loan_11fdc080d9da,off_bec2ed989102,brw_b1998ffb1e6c,lnd_2e2adcc3d662,17873.93,0.2121,48,2026-08-11,0.028,500.47
loan_6f3620a81a7b,off_6b259538d853,brw_8f3f9632f516,lnd_68d1bb39a009,16059.2,0.1683,12,2026-07-14,0.03,481.78
loan_a8c6c34911b5,off_7060a03974ed,brw_5e881e06e299,lnd_68d1bb39a009,7017.39,0.137,60,2026-09-19,0.03,210.52
loan_a980bd1075c4,off_9f5289b9ac9e,brw_87417390f5f5,lnd_abf7ad1fc508,16168.23,0.3395,36,2026-09-19,0.045,727.57
loan_a647eba46dd8,off_5ca4d49a4ad2,brw_428b7dca3c82,lnd_2e2adcc3d662,19837.08,0.1478,36,2026-06-15,0.028,555.44
loan_585187fd4801,off_9f384ced03d1,brw_428b7dca3c82,lnd_68d1bb39a009,5736.46,0.1502,24,2026-08-24,0.03,172.09
loan_a3e54864a60c,off_c0a8475ab30d,brw_945e8e6958bf,lnd_40648b57da4a,24810.7,0.2241,24,2026-06-28,0.04,992.43
loan_a10423636223,off_70d22c295efe,brw_945e8e6958bf,lnd_f0806e150f18,9960.04,0.1777,60,2026-07-21,0.032,318.72
loan_072ef91a80f3,off_5559799d0deb,brw_8591ee8ee6f3,lnd_abf7ad1fc508,11483.33,0.2485,36,2026-04-06,0.045,516.75
loan_66477261a764,off_e0c7ff532725,brw_ec7b26361e4b,lnd_2e2adcc3d662,19651.44,0.2081,24,2026-07-16,0.028,550.24
loan_cfc82c1872ba,off_28d79379af8b,brw_ec7b26361e4b,lnd_40648b57da4a,25206.1,0.2386,36,2026-08-09,0.04,1008.24
loan_6c6ed0a264ac,off_5c4d77ec0032,brw_12ae95140d5a,lnd_eb741dcfd1a0,30496.34,0.0969,24,2026-06-14,0.022,670.92
loan_fbb1f4002d04,off_ba323db43f4b,brw_21eeaf14f810,lnd_eb741dcfd1a0,13036.88,0.1373,24,2026-01-20,0.022,286.81
loan_5460af1b537d,off_941815fa2172,brw_49e56b2de967,lnd_68d1bb39a009,17174.62,0.1411,36,2026-05-21,0.03,515.24
loan_494cd0045b2d,off_de9b5152357d,brw_49e56b2de967,lnd_68d1bb39a009,9717.79,0.1788,24,2026-04-30,0.03,291.53
loan_45d4eaf0bddc,off_d05d1ac85a93,brw_6aecca1c44e8,lnd_54a37531f7e5,14697.35,0.0801,36,2026-09-12,0.015,220.46
loan_d12347a895f0,off_eb2347645b30,brw_839e82a3f2ca,lnd_abf7ad1fc508,12659.57,0.2496,48,2026-02-26,0.045,569.68
loan_b049ac89e39b,off_aa736d2c9c5a,brw_839e82a3f2ca,lnd_abf7ad1fc508,18058.44,0.3514,36,2026-05-16,0.045,812.63
loan_6e0dbd024e64,off_14b9b947eadb,brw_839e82a3f2ca,lnd_abf7ad1fc508,32473.39,0.2203,36,2025-10-09,0.045,1461.3
loan_f93effea61e1,off_8ca88001a5e2,brw_0c34441378d6,lnd_68d1bb39a009,26017.62,0.1633,24,2026-09-03,0.03,780.53
loan_7e017664aa4b,off_aa4d40ff6219,brw_0c34441378d6,lnd_40648b57da4a,12078.85,0.2673,48,2026-08-09,0.04,483.15
loan_dbc3ef75cec9,off_bc6fb19480e0,brw_066e6413f2a4,lnd_40648b57da4a,23705.66,0.2496,36,2026-08-27,0.04,948.23
loan_6aee378b8ab8,off_3d935ed9e493,brw_96a2c32fd773,lnd_abf7ad1fc508,7687.62,0.2658,12,2025-09-16,0.045,345.94
loan_0709001c4676,off_0797954e95fa,brw_96a2c32fd773,lnd_abf7ad1fc508,12216.5,0.2922,24,2025-09-22,0.045,549.74
loan_26baf9187cfd,off_288ec411d2ac,brw_96a2c32fd773,lnd_40648b57da4a,24845.12,0.3074,36,2025-12-02,0.04,993.8
loan_ab7546366f43,off_55899fcedfea,brw_a9c13a6529b9,lnd_eb741dcfd1a0,20995.5,0.1173,36,2026-07-14,0.022,461.9
loan_55df64f27ecd,off_19e73929f3b4,brw_0158cfec4e2c,lnd_2e2adcc3d662,11212.8,0.1856,48,2025-12-13,0.028,313.96
loan_c688e410425c,off_e54a78f6bc9d,brw_25735c2fb382,lnd_eb741dcfd1a0,26693.96,0.1121,36,2025-08-26,0.022,587.27
loan_911865645291,off_a5a686915427,brw_25735c2fb382,lnd_eb741dcfd1a0,4993.37,0.1173,36,2026-08-30,0.022,109.85
loan_168c66c71c3e,off_27822378b247,brw_7b59c8f4b19f,lnd_abf7ad1fc508,6572.55,0.3488,12,2026-05-05,0.045,295.76
loan_f5a9fdbcd456,off_4fbb55c2ec6c,brw_0427cb9d010b,lnd_f0806e150f18,20296.53,0.1405,48,2026-09-19,0.032,649.49
loan_67cfec05c4de,off_3a2ea1830ffa,brw_31a17bb36885,lnd_40648b57da4a,17091.14,0.2898,12,2026-09-11,0.04,683.65
loan_c96e7c86fae0,off_14929860c201,brw_31a17bb36885,lnd_f0806e150f18,3936.65,0.1379,60,2026-09-09,0.032,125.97
loan_50bcb27ba982,off_40007650b93d,brw_9939bb5eb1b6,lnd_68d1bb39a009,28172.5,0.2036,48,2026-05-31,0.03,845.17
loan_015e3349af7e,off_b6e6c673889e,brw_340169dacf54,lnd_5201a46cec3a,3396.95,0.0997,48,2026-01-02,0.025,84.92
loan_d94a359b241e,off_17643ec5fba7,brw_042ea74d9bf8,lnd_68d1bb39a009,11239.09,0.1454,12,2026-06-13,0.03,337.17
loan_c6cd3c10fb67,off_363d57894f31,brw_dbcbcb0c0380,lnd_abf7ad1fc508,5026.87,0.2669,24,2026-05-08,0.045,226.21
loan_bb031925494b,off_d3efe8a9978f,brw_dbcbcb0c0380,lnd_40648b57da4a,10598.71,0.2561,24,2026-05-26,0.04,423.95
loan_7eb5a8f142ba,off_40139bd4f7bd,brw_124d5cbeb3f0,lnd_68d1bb39a009,6304.46,0.1643,36,2026-05-09,0.03,189.13
loan_8ead6e038707,off_fe5e9ccc5aa5,brw_730e9eb558bc,lnd_68d1bb39a009,12051.7,0.1697,36,2026-09-19,0.03,361.55
loan_19bed44fd772,off_41afad3092d5,brw_4fc4343ab55f,lnd_f0806e150f18,7807.21,0.1235,60,2026-04-24,0.032,249.83
loan_e1a0e8604684,off_69eb31aa5f0f,brw_4fc4343ab55f,lnd_5201a46cec3a,27905.98,0.1203,48,2026-05-28,0.025,697.65
loan_1cad839baa2c,off_97892b389e78,brw_17210a240029,lnd_2e2adcc3d662,23342.1,0.1642,24,2026-04-12,0.028,653.58
loan_44f8430e8c37,off_4c6afdc97821,brw_fe8404d31a66,lnd_68d1bb39a009,8237.15,0.1624,12,2026-08-28,0.03,247.11
loan_9eb50ecbcb52,off_7a5a11d3523a,brw_b5ffd52f58f1,lnd_2e2adcc3d662,8326.34,0.1478,48,2026-09-19,0.028,233.14
loan_a812fae7c11d,off_f27730c35eed,brw_3f227f335efd,lnd_eb741dcfd1a0,32373.23,0.1026,24,2026-09-19,0.022,712.21
loan_8b20acb14e74,off_c52ddd9de7d2,brw_03770812c88b,lnd_abf7ad1fc508,10191.05,0.25,24,2026-07-17,0.045,458.6
loan_3f2f5082ea88,off_05aad8967288,brw_330681bc60b0,lnd_abf7ad1fc508,24215.26,0.3279,60,2025-11-18,0.045,1089.69
loan_7a3eb61fcd6c,off_b8bee55c3a2f,brw_330681bc60b0,lnd_40648b57da4a,5582.23,0.2867,12,2025-08-13,0.04,223.29
loan_2575f530880f,off_a94449409c1f,brw_d4440b946823,lnd_5201a46cec3a,22030.71,0.1638,48,2026-05-05,0.025,550.77
loan_844a8fea33ff,off_b85f9da14c0a,brw_9c9ca45321c2,lnd_eb741dcfd1a0,23318.74,0.0944,24,2026-08-24,0.022,513.01
loan_e623a01aa96f,off_f4b92b3cca9a,brw_9c9ca45321c2,lnd_68d1bb39a009,6744.66,0.1438,60,2026-08-15,0.03,202.34
loan_82fbbda6edb6,off_f1540b09a06d,brw_1d05a92d4785,lnd_68d1bb39a009,2686.8,0.1428,36,2026-06-25,0.03,80.6
loan_966c08c9a534,off_74519da674d2,brw_504f357e7e7b,lnd_abf7ad1fc508,31170.78,0.2597,60,2026-07-06,0.045,1402.69
loan_b667ce046034,off_ef9420f27f6b,brw_6c3b668c6ef3,lnd_abf7ad1fc508,25274.93,0.3057,60,2026-02-27,0.045,1137.37
loan_3457da34d2e6,off_92777e15da8f,brw_20499cab1ff5,lnd_abf7ad1fc508,33793.02,0.2496,48,2026-08-30,0.045,1520.69
loan_98bf3cdecedf,off_be29dc505806,brw_20499cab1ff5,lnd_f0806e150f18,4672.93,0.2022,12,2026-09-19,0.032,149.53
loan_676fc0e59682,off_d87bb57997c2,brw_37e75ec8a4bc,lnd_40648b57da4a,14029.63,0.318,60,2026-08-12,0.04,561.19
loan_59497a737442,off_21cd0a3e4473,brw_37e75ec8a4bc,lnd_abf7ad1fc508,17335.43,0.3263,60,2026-06-22,0.045,780.09
loan_9a5edf42a55b,off_46f7388a029f,brw_37e75ec8a4bc,lnd_abf7ad1fc508,27162.13,0.2602,36,2026-06-15,0.045,1222.3
loan_505d9ff477e1,off_223caf775806,brw_1cc1968a6927,lnd_40648b57da4a,10964.91,0.312,48,2026-08-29,0.04,438.6
loan_aa78456eda88,off_5df01f1da900,brw_1bd6fa83dea3,lnd_f0806e150f18,7252.9,0.1625,60,2026-05-26,0.032,232.09
loan_b0d2eeb4739c,off_8d4448f250fa,brw_446d24864dec,lnd_54a37531f7e5,17039.84,0.0836,36,2025-12-30,0.015,255.6
loan_0f220e9dc4a7,off_5f9e19b5e5d2,brw_953aa59961c3,lnd_f0806e150f18,5175.03,0.1467,24,2026-07-07,0.032,165.6
loan_6c8c001dfe19,off_8ffa8c1773e2,brw_3269831b5d22,lnd_5201a46cec3a,25260.17,0.0957,36,2026-02-22,0.025,631.5
loan_9a2e374e87ac,off_f74b278eebdf,brw_c51c7ba08db6,lnd_54a37531f7e5,28473.94,0.0842,24,2026-08-26,0.015,427.11
loan_005422ccc00c,off_5d6aef75df38,brw_c51c7ba08db6,lnd_5201a46cec3a,13358.69,0.1033,60,2026-09-01,0.025,333.97
loan_01af873430a2,off_5ef9870e39cf,brw_5827d4454be7,lnd_abf7ad1fc508,9840.62,0.2775,48,2026-06-07,0.045,442.83
loan_be7f85bb940e,off_9cffceb67ea7,brw_e8e5923e7ccc,lnd_5201a46cec3a,19320.38,0.0952,60,2026-09-11,0.025,483.01
loan_46b7e2c28a6c,off_afe7897e9378,brw_a431b55b52d0,lnd_68d1bb39a009,23892.05,0.1426,36,2026-06-22,0.03,716.76
loan_7bae3d267bda,off_562c938a7cb9,brw_a431b55b52d0,lnd_f0806e150f18,9195.17,0.1923,36,2026-09-07,0.032,294.25
loan_854a98e971d4,off_06a24fdf9edf,brw_208ffcced090,lnd_035d3bde8267,19291.85,0.1013,48,2025-08-29,0.018,347.25
loan_bcffa744c2f7,off_17d2625040cd,brw_b71cb565c7e6,lnd_40648b57da4a,19751.93,0.2382,48,2025-07-24,0.04,790.08
loan_67567ff87b41,off_62c72665c8b6,brw_9615cb46c703,lnd_40648b57da4a,6326.97,0.204,36,2026-09-14,0.04,253.08
loan_973898d305ec,off_7c8a8e6e8e22,brw_6462b2a21d22,lnd_2e2adcc3d662,10441.82,0.1882,48,2026-09-18,0.028,292.37
loan_30bca8fe3d08,off_91245234f862,brw_6462b2a21d22,lnd_5201a46cec3a,15178.93,0.1472,24,2026-07-17,0.025,379.47
loan_8e87618953da,off_05807205aa6e,brw_a4607c40efd1,lnd_5201a46cec3a,18826.58,0.124,12,2026-03-18,0.025,470.66
loan_51e96bfc0a58,off_6933b91eb177,brw_7e28ea2aaaa2,lnd_40648b57da4a,11215.3,0.2337,36,2026-05-21,0.04,448.61
loan_cbdafdfa5b85,off_a73c81a4366e,brw_4046b6892c9c,lnd_40648b57da4a,7652.79,0.2783,36,2026-09-19,0.04,306.11
loan_cf0fbbe8b2e1,off_90a242c7abbe,brw_a8de4d54f209,lnd_abf7ad1fc508,27820.84,0.2933,24,2025-09-30,0.045,1251.94
loan_2228f3704297,off_5688fdf50431,brw_df39bce517c9,lnd_f0806e150f18,13378.56,0.1701,36,2026-08-08,0.032,428.11
loan_714020dad58c,off_03f9f73e39e1,brw_fc4fc7822591,lnd_40648b57da4a,21719.55,0.211,36,2026-08-22,0.04,868.78
loan_821a43b2ed62,off_a36ea09366dd,brw_fc4fc7822591,lnd_40648b57da4a,6891.13,0.2435,24,2026-08-02,0.04,275.65
loan_10790686bed9,off_0ec56f5c1259,brw_ab0d98e5c385,lnd_54a37531f7e5,10937.56,0.1114,36,2025-11-24,0.015,164.06
loan_1a4671465767,off_46df51098dac,brw_5ac0f357b02b,lnd_eb741dcfd1a0,3314.52,0.1066,12,2026-07-07,0.022,72.92
loan_98d12ee6e35e,off_f9a0732cb0b2,brw_173118c9e1a6,lnd_54a37531f7e5,37588.44,0.0959,24,2026-08-28,0.015,563.83
loan_1480fd6c0258,off_82e518c35f98,brw_679293987f44,lnd_abf7ad1fc508,27124.72,0.2779,24,2026-09-14,0.045,1220.61
loan_b464529cf917,off_5e9ad300cf27,brw_89cface59334,lnd_68d1bb39a009,4666.59,0.2171,24,2026-08-21,0.03,140.0
loan_6c60a3564e75,off_3dd97b23fad9,brw_3f11c67afba3,lnd_68d1bb39a009,19715.1,0.1792,48,2025-08-30,0.03,591.45
loan_b87e40fac118,off_6c501d907513,brw_b0b164e1726d,lnd_f0806e150f18,13867.61,0.1519,24,2026-08-19,0.032,443.76
loan_c1825fa0ae7a,off_212a425d798a,brw_9194607fb37a,lnd_68d1bb39a009,13333.57,0.1592,60,2026-09-19,0.03,400.01
loan_67884ab9d520,off_b9858edf106f,brw_7e5bc678a78a,lnd_2e2adcc3d662,12773.01,0.1587,48,2026-06-09,0.028,357.64
loan_b61dd5d4d7ae,off_8577684e6074,brw_979b291ee78e,lnd_eb741dcfd1a0,7278.74,0.1182,24,2025-11-22,0.022,160.13
loan_9a19779138e8,off_b1cbfaee697e,brw_6dabf6aaaffa,lnd_5201a46cec3a,13464.43,0.1046,60,2026-05-12,0.025,336.61
loan_5819340d88d6,off_f267cc0b304b,brw_6274321f5d06,lnd_abf7ad1fc508,6049.3,0.3461,48,2026-02-19,0.045,272.22
loan_e4673f0f5591,off_997788e601a2,brw_6274321f5d06,lnd_40648b57da4a,15078.16,0.3141,48,2026-09-13,0.04,603.13
loan_f006f0c083da,off_995756c6b3ea,brw_84cf5f32a71b,lnd_68d1bb39a009,4857.71,0.1893,48,2025-12-05,0.03,145.73
loan_3f87e73edc9e,off_4103c6a2ac0a,brw_84cf5f32a71b,lnd_f0806e150f18,34618.34,0.1215,48,2026-03-03,0.032,1107.79
loan_b1aae4f4e61f,off_d003268266ae,brw_bb28edcb1b78,lnd_f0806e150f18,30403.46,0.1537,60,2026-09-03,0.032,972.91
loan_4347ebce7585,off_c35df891836a,brw_5b09b9e805b8,lnd_5201a46cec3a,19124.82,0.1645,36,2026-08-09,0.025,478.12
loan_0c897a606a91,off_038cf108265b,brw_4f2afca08781,lnd_f0806e150f18,6632.39,0.1577,36,2025-12-28,0.032,212.24
loan_b07a95f17235,off_220c409c6b3e,brw_637be3393829,lnd_2e2adcc3d662,18090.23,0.1719,36,2025-12-29,0.028,506.53
loan_a8312cf157f3,off_6b1de2f496b7,brw_e55c9aeff289,lnd_abf7ad1fc508,8025.68,0.2638,60,2026-07-06,0.045,361.16
loan_9b4a212178f4,off_54f91f8e97ef,brw_dde55b98cdc5,lnd_eb741dcfd1a0,30549.0,0.1186,24,2026-08-06,0.022,672.08
loan_71c156918ba8,off_38dd99579413,brw_086c46fe0dd6,lnd_ebd3fcc47db6,11249.93,0.0636,36,2026-07-11,0.02,225.0
loan_1e644756e0d0,off_d32a3b6ee090,brw_086c46fe0dd6,lnd_54a37531f7e5,7233.67,0.1011,24,2026-05-01,0.015,108.51
loan_bcfb8bd6980d,off_c6b500793e35,brw_086c46fe0dd6,lnd_f0806e150f18,7601.54,0.1284,60,2025-07-08,0.032,243.25
loan_939790ff3fbf,off_5e3779fe05f6,brw_10e36db311b6,lnd_68d1bb39a009,17838.97,0.2015,36,2026-09-07,0.03,535.17
loan_69f539471d49,off_c5b2e7d4063e,brw_b131801c187c,lnd_54a37531f7e5,3852.78,0.1323,36,2026-06-01,0.015,57.79
loan_4f79e2fc0e94,off_1f93dd282067,brw_c9a0d0c9cb9b,lnd_2e2adcc3d662,17046.94,0.209,60,2026-06-14,0.028,477.31
loan_d8ee0ea6b267,off_1be380c35658,brw_7f603e3ff711,lnd_eb741dcfd1a0,14464.42,0.123,36,2026-08-02,0.022,318.22
loan_bc7fdf7f0858,off_d317f0859e2d,brw_7f603e3ff711,lnd_eb741dcfd1a0,12849.69,0.1285,36,2026-09-14,0.022,282.69
loan_5bcf115d2e3e,off_b0ea8fcabb30,brw_381b7753431b,lnd_abf7ad1fc508,10412.91,0.2897,48,2026-08-07,0.045,468.58
loan_e6e3fb771a4c,off_5bfb63eb51ab,brw_381b7753431b,lnd_abf7ad1fc508,14237.99,0.3146,60,2026-06-22,0.045,640.71
loan_af7a72e38d6b,off_15c85dd7454f,brw_744665d749a0,lnd_5201a46cec3a,14016.47,0.1254,36,2026-07-18,0.025,350.41
loan_9dadbc050ba1,off_d68bc8e3bb2d,brw_05630a35dab6,lnd_2e2adcc3d662,9955.0,0.155,36,2026-03-16,0.028,278.74
loan_a6d5666c3833,off_06b00072586e,brw_05630a35dab6,lnd_68d1bb39a009,26644.06,0.2072,36,2026-08-05,0.03,799.32
loan_a125e39568cf,off_524504834af0,brw_05630a35dab6,lnd_68d1bb39a009,28574.82,0.2038,48,2026-05-30,0.03,857.24
loan_24f705ace114,off_9443cc907b2c,brw_5635db6b338f,lnd_40648b57da4a,28455.43,0.2196,36,2026-07-05,0.04,1138.22
loan_167e3af1f50a,off_fc6ef9a89570,brw_56a107e9e9c8,lnd_68d1bb39a009,11809.09,0.2003,48,2025-06-14,0.03,354.27
loan_438180618b73,off_81c23f6745e2,brw_adf5bafb49cb,lnd_abf7ad1fc508,3722.63,0.3303,36,2025-12-10,0.045,167.52
loan_50f13cf8e326,off_398a8053366b,brw_adf5bafb49cb,lnd_68d1bb39a009,9214.65,0.192,24,2026-05-02,0.03,276.44
loan_098fde082f33,off_6ad9356c17de,brw_f5a578c1849e,lnd_40648b57da4a,24126.21,0.259,36,2026-07-24,0.04,965.05
loan_444bb49674e7,off_b42a4d95473b,brw_cbef3d53707c,lnd_f0806e150f18,5392.32,0.1859,60,2025-08-31,0.032,172.55
loan_df6934973bf9,off_79872cf825f8,brw_4cfdacf918ac,lnd_eb741dcfd1a0,16176.66,0.1395,12,2026-08-25,0.022,355.89
loan_2c6589e27f96,off_9ed8dfcc6020,brw_d25685298fa0,lnd_abf7ad1fc508,22192.29,0.2517,60,2026-07-23,0.045,998.65
loan_6850e7ccc513,off_8cd386520634,brw_0cb9bb659652,lnd_f0806e150f18,7862.11,0.1427,36,2026-08-05,0.032,251.59
loan_ee2b2c51f0af,off_076a68845568,brw_5c170e297105,lnd_2e2adcc3d662,6455.96,0.1418,48,2026-06-03,0.028,180.77
loan_8a8f945c4f99,off_a7e862c1a37f,brw_686ae88db47c,lnd_68d1bb39a009,16187.49,0.2174,24,2026-04-10,0.03,485.62
loan_174e952652b9,off_725e773ff336,brw_70968f2cee91,lnd_f0806e150f18,20073.84,0.1903,36,2026-01-23,0.032,642.36
loan_b3d8c37ead8f,off_fb05e4886651,brw_376ec097f70c,lnd_40648b57da4a,5032.71,0.3043,24,2026-09-19,0.04,201.31
loan_b9436ad13d6b,off_c99a173dd90d,brw_376ec097f70c,lnd_abf7ad1fc508,2240.43,0.2326,36,2026-05-20,0.045,100.82
loan_1a85ff2d3e42,off_2b3692b8c657,brw_1bec4cf7c347,lnd_68d1bb39a009,11425.34,0.1539,36,2026-04-25,0.03,342.76
loan_e6964a25a268,off_c13ef116cdb2,brw_49b206a03026,lnd_abf7ad1fc508,22770.05,0.3197,24,2026-08-21,0.045,1024.65
loan_c4697de2af6e,off_57e41d9509b4,brw_16e1af7cc4ed,lnd_68d1bb39a009,9293.56,0.1608,36,2026-07-29,0.03,278.81
loan_26f1b02c1c4a,off_5b185b285fc3,brw_55b6b5437ca1,lnd_035d3bde8267,15667.89,0.1099,24,2026-04-20,0.018,282.02
loan_39719f276255,off_7b798f245e30,brw_819025a1e999,lnd_68d1bb39a009,18798.5,0.1502,24,2026-06-23,0.03,563.95
loan_8f7b084f3b06,off_1c7a9b2d2574,brw_92e49df3b848,lnd_2e2adcc3d662,12093.8,0.2183,48,2026-06-08,0.028,338.63
loan_538b553faff3,off_ba1c49877db6,brw_a27056fab7a0,lnd_035d3bde8267,7474.91,0.0933,48,2026-09-09,0.018,134.55
loan_603f15dbe627,off_f54b3dd4052e,brw_3e27fa771422,lnd_035d3bde8267,12448.97,0.0874,24,2026-03-26,0.018,224.08
loan_8ebf65f132d7,off_ab535ec125f6,brw_9460853b2cc4,lnd_40648b57da4a,10688.77,0.3288,24,2026-04-16,0.04,427.55
loan_abcb4da8af1d,off_ec08bde33fcc,brw_2e2ddea860ab,lnd_2e2adcc3d662,5000.11,0.2024,36,2026-09-10,0.028,140.0
loan_a0746d24b53b,off_26c68eb24409,brw_ac97d5bf8e7a,lnd_68d1bb39a009,15063.89,0.1358,60,2026-07-25,0.03,451.92
loan_432ead7fd286,off_c7ff8dbb67a4,brw_5d724cb0b9a9,lnd_eb741dcfd1a0,4491.62,0.1238,60,2026-08-20,0.022,98.82
loan_f1131be70fe0,off_b4ff55fe2b3e,brw_baafc71bc0ba,lnd_eb741dcfd1a0,17430.79,0.1002,36,2026-09-03,0.022,383.48
loan_9fb562e61001,off_a59d5a2af689,brw_c3aeccd4db1e,lnd_ebd3fcc47db6,17301.3,0.0743,60,2026-06-02,0.02,346.03
loan_a9cb3ffe186c,off_cfcf1681983a,brw_c3aeccd4db1e,lnd_035d3bde8267,11653.66,0.0765,48,2026-06-03,0.018,209.77
loan_5264549dc225,off_86eb0fa13841,brw_9174a3d870bc,lnd_40648b57da4a,7010.88,0.2845,36,2026-09-05,0.04,280.44
loan_42c0053f2030,off_d1521c637bf7,brw_9174a3d870bc,lnd_2e2adcc3d662,20158.2,0.1814,48,2026-09-02,0.028,564.43
loan_385120ec1f1c,off_0782c9b6e35a,brw_2388f2ee2b68,lnd_5201a46cec3a,35679.35,0.1485,36,2025-04-18,0.025,891.98
loan_a96725d46e44,off_1931fc1b39ae,brw_66ebd6d20b97,lnd_68d1bb39a009,14359.27,0.1738,36,2026-02-24,0.03,430.78
loan_a8e8a0b2aca6,off_632ac3b0d7c2,brw_241e2c3a8bdf,lnd_40648b57da4a,7386.93,0.2753,48,2026-02-11,0.04,295.48
loan_47c80d78b490,off_ab01448aa072,brw_34770d4741b1,lnd_54a37531f7e5,1221.77,0.1203,60,2025-08-29,0.015,18.33
loan_2ab3cf3df8a1,off_61b989c94069,brw_34770d4741b1,lnd_68d1bb39a009,30309.07,0.1602,48,2025-12-06,0.03,909.27
loan_4fd5a36a0e54,off_ae5d21ae3503,brw_34770d4741b1,lnd_f0806e150f18,2477.48,0.1282,36,2026-07-29,0.032,79.28
loan_3a0d4b32fbc6,off_6e37654f5ebe,brw_d5503d90d724,lnd_5201a46cec3a,9852.43,0.1365,36,2026-09-16,0.025,246.31
loan_49f38f6b04ee,off_80bd1ca49bff,brw_75faa4781506,lnd_abf7ad1fc508,24118.12,0.2437,48,2026-07-24,0.045,1085.32
loan_34dd7ff0b0b3,off_7905936ecb63,brw_003712a6c72a,lnd_2e2adcc3d662,11806.43,0.1677,24,2025-12-10,0.028,330.58
loan_6e4248db635b,off_4afce739bf89,brw_da52f37e5049,lnd_2e2adcc3d662,36554.44,0.1899,36,2026-08-07,0.028,1023.52
loan_59e3de84a4f5,off_5538b6e87924,brw_f0e3cdf91f6c,lnd_40648b57da4a,22702.06,0.2306,36,2026-03-16,0.04,908.08
loan_0b88f89d0a58,off_f4a4904d59b6,brw_480de4e81ec9,lnd_035d3bde8267,13300.02,0.0797,48,2026-08-02,0.018,239.4
loan_6b746baf5955,off_1ae2ed3e9f6e,brw_480de4e81ec9,lnd_ebd3fcc47db6,23386.71,0.0869,36,2026-08-14,0.02,467.73
loan_56b925fe60d1,off_9ad9533874db,brw_480de4e81ec9,lnd_54a37531f7e5,12072.87,0.0823,36,2026-09-05,0.015,181.09
loan_a56249556f19,off_89b78a0ac9d1,brw_2d08a4e353d6,lnd_f0806e150f18,12637.65,0.154,12,2025-11-10,0.032,404.4
loan_dc2a93d4a984,off_d3a9623c7e31,brw_a5dbe04376c0,lnd_68d1bb39a009,3857.56,0.1662,36,2026-02-22,0.03,115.73
loan_dc3a5e701038,off_0b29ef4d1ab5,brw_b9274b1a08bf,lnd_40648b57da4a,13170.68,0.2871,60,2026-09-03,0.04,526.83
loan_d978b4f0c689,off_5a8cf2b92392,brw_04eb4b6050bb,lnd_f0806e150f18,8411.76,0.147,36,2025-07-01,0.032,269.18
loan_be5003d63892,off_ab92fb5474d8,brw_1562bb991edf,lnd_f0806e150f18,2234.75,0.16,36,2025-12-23,0.032,71.51
loan_b7efbc796407,off_2a39913aa96b,brw_c69ed31ff87b,lnd_54a37531f7e5,8315.55,0.1026,48,2026-06-28,0.015,124.73
loan_d323c66ff9d2,off_478824ba99ae,brw_6a406105f5d0,lnd_2e2adcc3d662,26861.52,0.1454,48,2026-02-19,0.028,752.12
loan_79a46673898a,off_2d28923930c3,brw_10610b6a3608,lnd_40648b57da4a,7127.21,0.211,36,2026-08-14,0.04,285.09
loan_b518d56c838c,off_cc700fe3b70c,brw_22e24410421e,lnd_f0806e150f18,15409.36,0.1282,36,2025-12-11,0.032,493.1
loan_a38de03977a1,off_fd11a3adf44a,brw_22e24410421e,lnd_68d1bb39a009,13203.34,0.1903,24,2026-03-03,0.03,396.1
loan_13eb7eac71da,off_7cfa08ba650e,brw_2b649ba195e2,lnd_eb741dcfd1a0,4007.55,0.126,24,2026-04-24,0.022,88.17
loan_d38ef1fb268b,off_d2ae3a4c38f5,brw_d1d4f709e167,lnd_40648b57da4a,9154.76,0.3471,48,2026-04-02,0.04,366.19
loan_129be8178b0c,off_687ad8bd0d4b,brw_c45ebe1eac5b,lnd_68d1bb39a009,12582.92,0.1856,36,2026-08-06,0.03,377.49
loan_82be4a674cef,off_2234a5d43a28,brw_2133ecbe5bd9,lnd_5201a46cec3a,19007.25,0.1236,36,2026-04-28,0.025,475.18
loan_abc17a3c6ad3,off_2cf048121883,brw_bd2ce61fadcc,lnd_40648b57da4a,12837.72,0.2023,36,2026-06-18,0.04,513.51
loan_6be86fa8ac0a,off_3794fb1dffe8,brw_1b1620dc0f9f,lnd_f0806e150f18,25362.93,0.1337,60,2025-10-01,0.032,811.61
loan_a7fc1dc7c1ce,off_a6d71fdbbbc1,brw_a7a2b78f1b5a,lnd_f0806e150f18,11963.06,0.1567,36,2025-06-16,0.032,382.82
loan_019e6bbc6012,off_253e75939593,brw_b87d03ae9cb9,lnd_eb741dcfd1a0,21683.15,0.1297,48,2026-06-07,0.022,477.03
loan_7fe363923c9d,off_09d730a1e208,brw_95c3f1744b1d,lnd_5201a46cec3a,14119.09,0.1058,36,2026-01-21,0.025,352.98
loan_c9329c3429e4,off_d7eb3d8244fc,brw_ff6fad1a41ce,lnd_2e2adcc3d662,6634.56,0.2237,48,2026-09-06,0.028,185.77
loan_94af8ab371bc,off_cd3c62810f95,brw_ff6fad1a41ce,lnd_2e2adcc3d662,12596.03,0.1589,36,2026-09-07,0.028,352.69
loan_b7e879cf8758,off_9beeb31a5426,brw_eaadd51fca5d,lnd_40648b57da4a,29034.22,0.2525,12,2026-06-07,0.04,1161.37
loan_d3805cda101c,off_ced7b0a5cc46,brw_d3b84195951b,lnd_54a37531f7e5,18462.16,0.1018,12,2026-01-21,0.015,276.93
loan_0dbe5dfd5e1f,off_f5d112e9a7ce,brw_03ae3e99c7cc,lnd_abf7ad1fc508,12216.52,0.3333,36,2026-08-21,0.045,549.74
loan_de7c52b0561b,off_1214506aaec9,brw_e47bc70ce610,lnd_68d1bb39a009,21806.39,0.197,48,2026-03-27,0.03,654.19
loan_44a648140725,off_a7f087f810e7,brw_27b2a16aa030,lnd_40648b57da4a,16925.89,0.3295,60,2025-10-19,0.04,677.04
loan_8857d2ec5cfb,off_b5c436f4b88c,brw_cde5129737de,lnd_68d1bb39a009,11494.4,0.1557,24,2026-05-09,0.03,344.83
loan_5b0766dc581a,off_cd75e9f795e7,brw_cde5129737de,lnd_f0806e150f18,19348.79,0.1565,24,2026-03-04,0.032,619.16
loan_cdb72fff900f,off_a42ce5ff52f9,brw_cde5129737de,lnd_68d1bb39a009,19099.55,0.1514,36,2026-05-21,0.03,572.99
loan_73880c9bc6bf,off_1702602a9bf8,brw_7853b5fdc0c4,lnd_abf7ad1fc508,14819.59,0.3392,24,2026-08-19,0.045,666.88
loan_b7a2d5e2470b,off_dcf2d0fd0731,brw_5ab9f63fa801,lnd_f0806e150f18,11613.61,0.1201,24,2026-03-15,0.032,371.64
loan_9f56b6b978b4,off_89027065919e,brw_8a8b7aa5b349,lnd_abf7ad1fc508,8097.26,0.2498,36,2026-03-30,0.045,364.38
loan_6a7bbc68fe19,off_2733c7d20452,brw_708fadd612a7,lnd_40648b57da4a,8463.45,0.288,24,2026-09-06,0.04,338.54
loan_ece5f4eb12d4,off_b4355641673a,brw_b4f192e50eb7,lnd_5201a46cec3a,8246.61,0.1156,12,2025-12-18,0.025,206.17
loan_75035521a917,off_b1a46b65f9d2,brw_fe71255e8536,lnd_f0806e150f18,21190.54,0.1694,48,2026-06-15,0.032,678.1
loan_4be20d4a5f2b,off_8f192f0ac5ec,brw_d5c8f6e6c239,lnd_ebd3fcc47db6,30265.06,0.09,48,2026-08-15,0.02,605.3
loan_171376ccbd15,off_3f592e64d739,brw_e0f2c2ab2b45,lnd_68d1bb39a009,4204.19,0.196,60,2026-03-18,0.03,126.13
loan_56b2076d5c5c,off_6e4c5daba49f,brw_01bd07c9937e,lnd_2e2adcc3d662,16781.4,0.1648,48,2026-07-17,0.028,469.88
loan_a1ce011fce0d,off_ea43c344c698,brw_f4a9c583458a,lnd_68d1bb39a009,15524.33,0.1771,12,2025-02-05,0.03,465.73
loan_46caacfa6f4b,off_14407db0e1be,brw_7442ba90f5ff,lnd_ebd3fcc47db6,20791.48,0.0749,36,2026-09-19,0.02,415.83
loan_7a514942f834,off_b04b60625070,brw_7442ba90f5ff,lnd_ebd3fcc47db6,2458.43,0.0612,60,2026-08-26,0.02,49.17
loan_6f121281f9b4,off_f4c5f555207f,brw_8d9cc9143abf,lnd_ebd3fcc47db6,4993.35,0.0899,60,2026-09-07,0.02,99.87
loan_86ca3d53887a,off_a176c3185d84,brw_b18dcd420b11,lnd_40648b57da4a,32727.71,0.2896,36,2026-05-26,0.04,1309.11
loan_af259812fb42,off_895ba9e0caae,brw_9242c4791e0b,lnd_abf7ad1fc508,4167.63,0.2304,48,2025-10-18,0.045,187.54
loan_2dda15c9e64d,off_c64a77ae1a82,brw_9242c4791e0b,lnd_68d1bb39a009,6665.7,0.1867,12,2025-03-02,0.03,199.97
loan_b430c876ac5c,off_17524efb8c6f,brw_8693944b31e4,lnd_68d1bb39a009,12332.79,0.161,36,2026-01-31,0.03,369.98
loan_b5cbd06b7a3f,off_9add067278e3,brw_649f71ec13ba,lnd_eb741dcfd1a0,5537.59,0.1133,36,2025-10-31,0.022,121.83
loan_97207a0c2689,off_c52d9472a699,brw_0e02f5285e45,lnd_f0806e150f18,12995.09,0.1505,36,2025-10-01,0.032,415.84
loan_14077901ada3,off_539e5b5361a7,brw_0e02f5285e45,lnd_f0806e150f18,9697.78,0.1329,48,2025-09-24,0.032,310.33
loan_233d2a24adf6,off_498e78a071eb,brw_7a1dc1b208c6,lnd_5201a46cec3a,14248.91,0.1075,60,2026-05-15,0.025,356.22
loan_4a6310eb0fcd,off_f423feb63fb2,brw_3d8a5bc7d864,lnd_5201a46cec3a,6349.48,0.1603,24,2026-07-17,0.025,158.74
loan_6a8d828b6b9d,off_e0491040deab,brw_599484fa9b97,lnd_5201a46cec3a,14062.77,0.1573,60,2025-06-13,0.025,351.57
loan_b535ccf87a1a,off_d4fcb383a2f1,brw_c43e524e0531,lnd_5201a46cec3a,21047.24,0.0968,60,2026-08-28,0.025,526.18
loan_3f56649e82db,off_6c01640649e6,brw_c43e524e0531,lnd_eb741dcfd1a0,20516.05,0.1063,36,2026-06-01,0.022,451.35
loan_97acb732cb00,off_164e05bfc94d,brw_c43e524e0531,lnd_68d1bb39a009,8046.92,0.1444,48,2025-09-16,0.03,241.41
loan_f2975af108e1,off_489fca4e3f04,brw_b10c7add2267,lnd_abf7ad1fc508,18303.31,0.3427,24,2026-08-21,0.045,823.65
loan_c818d40de52c,off_1f1d05e9ad20,brw_b10c7add2267,lnd_035d3bde8267,12917.59,0.0851,48,2026-08-23,0.018,232.52
loan_ada5655060eb,off_ed6a1242a678,brw_94c51a5a90de,lnd_5201a46cec3a,20975.57,0.1161,60,2026-06-29,0.025,524.39
loan_8b31f7ff48e1,off_3479e115a475,brw_9b3a0d47f014,lnd_035d3bde8267,21506.55,0.0802,36,2025-08-02,0.018,387.12
loan_86eb7b83a2dc,off_ea43983f789c,brw_9b3a0d47f014,lnd_40648b57da4a,6559.88,0.2198,60,2024-12-01,0.04,262.4
loan_d78df11d71e6,off_d42d10700e5d,brw_2777999c4981,lnd_f0806e150f18,3227.61,0.1527,60,2026-01-10,0.032,103.28
loan_f39a7ae658ed,off_1e6f6a5235b9,brw_17d8e8dba0f3,lnd_f0806e150f18,21661.05,0.1333,12,2026-03-15,0.032,693.15
loan_d5f3ee4f8a3d,off_9927fd50133e,brw_3d0b5ae145f8,lnd_40648b57da4a,3436.77,0.2671,36,2026-06-18,0.04,137.47
loan_7577d8eda3c2,off_14b2bdf7b862,brw_3d0b5ae145f8,lnd_40648b57da4a,17229.27,0.3496,12,2026-09-19,0.04,689.17
loan_b264b5b8957d,off_c1ad9a4dea8b,brw_4e7750171ac8,lnd_5201a46cec3a,36053.15,0.1227,36,2025-10-21,0.025,901.33
loan_27b2101521b4,off_656ca6b058f9,brw_24592950f550,lnd_2e2adcc3d662,18213.7,0.1994,24,2026-02-10,0.028,509.98
loan_233d0d33d96f,off_d729d0833869,brw_00a85eb0cd6b,lnd_40648b57da4a,8479.88,0.2695,36,2026-04-06,0.04,339.2
loan_eb37254d07bd,off_427b2ae0f96b,brw_00a85eb0cd6b,lnd_40648b57da4a,7132.32,0.2126,36,2025-10-14,0.04,285.29
loan_dbd8965b8967,off_01d57f5ec114,brw_273dc22d4770,lnd_eb741dcfd1a0,8087.28,0.0932,12,2026-06-24,0.022,177.92
loan_2dd177108282,off_497d63c534e7,brw_65026c490325,lnd_40648b57da4a,5184.31,0.2117,24,2026-05-08,0.04,207.37
loan_3b329776e536,off_7fb6691645bb,brw_65026c490325,lnd_f0806e150f18,30147.9,0.1819,36,2026-04-24,0.032,964.73
loan_9622d1e85ab4,off_8e730ef80fe8,brw_65026c490325,lnd_54a37531f7e5,4160.19,0.0949,36,2026-02-19,0.015,62.4
loan_bff967e2e5b0,off_31a089c8592b,brw_27cf77636472,lnd_ebd3fcc47db6,6791.33,0.0903,36,2026-08-07,0.02,135.83
loan_719322b43df8,off_23bcbbddd5fc,brw_7ee832d1003f,lnd_68d1bb39a009,6772.21,0.1765,36,2026-09-17,0.03,203.17
loan_7a1a612e4ff6,off_1451dab26946,brw_a22b242688bb,lnd_2e2adcc3d662,27909.13,0.1557,24,2026-07-22,0.028,781.46
loan_98487977e054,off_ba1a44582d39,brw_25f94e262d9f,lnd_68d1bb39a009,24995.32,0.2061,12,2026-08-20,0.03,749.86
loan_2dd37119b67d,off_186c885dbd62,brw_53043bdfb7fc,lnd_eb741dcfd1a0,30125.37,0.1438,36,2025-10-28,0.022,662.76
loan_df32afd6b5b9,off_ecf2d5816ad7,brw_f2dfde0b5ef7,lnd_40648b57da4a,27961.37,0.2397,48,2026-07-02,0.04,1118.45
loan_294ca8b21dae,off_e078e4a34f8d,brw_d9b256bdbf09,lnd_2e2adcc3d662,21338.43,0.1986,60,2025-11-25,0.028,597.48
loan_e5e56c8eeaac,off_f2d0dac7d0cc,brw_d9b256bdbf09,lnd_2e2adcc3d662,5303.34,0.1494,48,2026-09-07,0.028,148.49
loan_f6530fda7f8c,off_a8c2e799711a,brw_b0cd8120eb25,lnd_40648b57da4a,4536.63,0.3045,36,2026-01-26,0.04,181.47
loan_2bd79c74b463,off_e26d6087b86c,brw_858bf16c4382,lnd_f0806e150f18,24533.7,0.1478,60,2026-04-28,0.032,785.08
loan_9bb70260464b,off_230106ada2c1,brw_858bf16c4382,lnd_2e2adcc3d662,10037.2,0.2002,36,2026-06-30,0.028,281.04
loan_0b738eb0d425,off_b7577a4e5b1c,brw_3296b33514e9,lnd_abf7ad1fc508,14358.37,0.2853,36,2025-11-17,0.045,646.13
loan_b17171fac4b3,off_900372e2462f,brw_3296b33514e9,lnd_abf7ad1fc508,17552.83,0.2976,36,2026-02-04,0.045,789.88
loan_ff95c7089cc5,off_6f6abf48de5f,brw_4f18f97f9df8,lnd_ebd3fcc47db6,12966.81,0.0711,12,2026-01-08,0.02,259.34
loan_1818ad66d7bd,off_507252b2f257,brw_4f18f97f9df8,lnd_eb741dcfd1a0,32920.99,0.1228,48,2026-08-30,0.022,724.26
loan_ad04d26896b8,off_9772adef677b,brw_7c7bcafeabea,lnd_abf7ad1fc508,21699.16,0.2688,36,2026-09-07,0.045,976.46
loan_2a1ccbefdf10,off_2efcb92f93a1,brw_7c7bcafeabea,lnd_eb741dcfd1a0,10429.45,0.1029,48,2026-09-19,0.022,229.45
loan_f271130cab6d,off_65659f20ed23,brw_7c7bcafeabea,lnd_abf7ad1fc508,20705.29,0.2455,36,2026-08-16,0.045,931.74
loan_77ea419d3fca,off_fd4a568909f9,brw_4eb906c4a586,lnd_f0806e150f18,4240.96,0.1405,60,2025-10-13,0.032,135.71
loan_a894819ddd69,off_4b7df0478db9,brw_524a6c73c2e9,lnd_54a37531f7e5,17679.74,0.0979,12,2026-05-22,0.015,265.2
loan_011b512a9530,off_126a7be8c2f3,brw_524a6c73c2e9,lnd_eb741dcfd1a0,10264.64,0.1102,60,2026-07-20,0.022,225.82
loan_36e50762571d,off_3344fbbc3de6,brw_978569c1a161,lnd_40648b57da4a,1267.23,0.2023,36,2026-08-06,0.04,50.69
loan_41276e45a122,off_5f9a09d772f6,brw_978569c1a161,lnd_68d1bb39a009,9441.43,0.1491,36,2026-04-04,0.03,283.24
loan_0f9222735166,off_204191ddaa81,brw_d86c24da8298,lnd_40648b57da4a,10653.42,0.2729,36,2026-09-14,0.04,426.14
loan_704421bc7406,off_5f423143f2f1,brw_d86c24da8298,lnd_2e2adcc3d662,24541.0,0.1788,60,2026-06-09,0.028,687.15
loan_e761c54ea335,off_0d633f0a747c,brw_4b8ab17d0ef1,lnd_eb741dcfd1a0,32453.79,0.0944,24,2026-02-13,0.022,713.98
loan_5ebac2a86f1c,off_37dc0ddbd7a6,brw_f99bce39e808,lnd_40648b57da4a,16446.79,0.2615,48,2025-05-23,0.04,657.87
loan_8e25be5b6bd2,off_dd9055072a4e,brw_e9a48b31aee7,lnd_abf7ad1fc508,33364.98,0.3507,36,2026-03-14,0.045,1501.42
loan_f0507b7173f6,off_585540e06529,brw_2f1f28e22098,lnd_2e2adcc3d662,25098.05,0.1528,24,2026-02-23,0.028,702.75
loan_330b0c85ebeb,off_e45bc3847eef,brw_2f1f28e22098,lnd_f0806e150f18,8290.03,0.1319,36,2026-04-08,0.032,265.28
loan_d064fcdbadb7,off_7329ad6943a8,brw_51908306b2fb,lnd_54a37531f7e5,1775.75,0.1352,36,2026-07-08,0.015,26.64
loan_4e2d9669b9e3,off_4dea1f26ffbf,brw_51908306b2fb,lnd_2e2adcc3d662,6647.93,0.1534,24,2025-09-15,0.028,186.14
loan_406402a51250,off_4622bcae0359,brw_a149c74ae90b,lnd_68d1bb39a009,10294.69,0.1748,60,2026-02-02,0.03,308.84
loan_19022556b844,off_e2e757f7a8dc,brw_c073a0819ee6,lnd_2e2adcc3d662,25843.22,0.1999,48,2026-06-30,0.028,723.61
loan_0c8f5a56924f,off_b25fbc93ffef,brw_c073a0819ee6,lnd_54a37531f7e5,3020.83,0.1025,36,2026-09-15,0.015,45.31
loan_a2bc484f7850,off_e24d2e61f421,brw_545b594f02b3,lnd_68d1bb39a009,20359.98,0.147,60,2026-07-06,0.03,610.8
loan_0310b5530b77,off_090dc192aa4d,brw_545b594f02b3,lnd_f0806e150f18,7940.14,0.1513,48,2026-05-23,0.032,254.08
loan_6bf9b9c6c8be,off_6f6551368b7b,brw_29befa33f1b8,lnd_40648b57da4a,29857.21,0.314,24,2026-08-27,0.04,1194.29
loan_920234a0279f,off_5d659f818b10,brw_29befa33f1b8,lnd_40648b57da4a,3706.12,0.2548,24,2026-09-05,0.04,148.24
loan_ee5c0d8b0ce6,off_cb515d41a56d,brw_29befa33f1b8,lnd_abf7ad1fc508,20753.41,0.2558,12,2026-07-13,0.045,933.9
loan_0e73892eb537,off_0bb7031f5921,brw_a37000a87cb0,lnd_abf7ad1fc508,23275.7,0.2504,36,2025-11-26,0.045,1047.41
loan_5743a4ba28fb,off_0db559eb70e2,brw_a37000a87cb0,lnd_68d1bb39a009,6748.35,0.1922,24,2025-09-13,0.03,202.45
loan_f4d377663780,off_095588c69fbd,brw_dad1c3fd1f44,lnd_abf7ad1fc508,7405.41,0.3132,24,2026-05-05,0.045,333.24
loan_6c828c3d788a,off_3525d42eedd1,brw_a38180584a6a,lnd_68d1bb39a009,3613.31,0.1674,48,2026-05-11,0.03,108.4
loan_365b4fd0a01c,off_e6c564e7dd69,brw_60004dafe93b,lnd_f0806e150f18,18661.96,0.1604,36,2025-02-07,0.032,597.18
loan_e23925a1252c,off_f8be3bd41b64,brw_60004dafe93b,lnd_f0806e150f18,1880.68,0.1567,36,2026-09-12,0.032,60.18
loan_163a751e6ed4,off_bb99e2498210,brw_ba0a5b240abf,lnd_68d1bb39a009,28840.33,0.1587,60,2026-03-03,0.03,865.21
loan_8481e0831dc2,off_181ed846c309,brw_fbb3c6e420d1,lnd_68d1bb39a009,3237.72,0.1375,48,2026-06-07,0.03,97.13
loan_480294014814,off_79e2a9589a89,brw_7efce1eef1b8,lnd_40648b57da4a,9056.74,0.2988,12,2026-07-31,0.04,362.27
loan_d037dbb50bd1,off_970a8f6fb8ad,brw_7efce1eef1b8,lnd_40648b57da4a,9182.54,0.3018,24,2026-08-05,0.04,367.3
loan_37fd78c4c58c,off_1462b93d6aa3,brw_952bb29352ad,lnd_68d1bb39a009,29245.32,0.1835,36,2026-07-15,0.03,877.36
loan_b0bed5d59646,off_8df80d6dee3a,brw_952bb29352ad,lnd_68d1bb39a009,3486.69,0.1594,24,2026-07-22,0.03,104.6
loan_24123fbfcac7,off_c83c6194482b,brw_ba66af0fe1bf,lnd_2e2adcc3d662,15314.01,0.1568,48,2026-09-19,0.028,428.79
loan_948f9a070a5c,off_2da4ced66cc7,brw_ba66af0fe1bf,lnd_5201a46cec3a,5778.84,0.1261,36,2026-07-18,0.025,144.47
loan_00ed911fdace,off_65a9fe87ca5f,brw_42523e28bef1,lnd_abf7ad1fc508,20819.66,0.2511,24,2026-03-01,0.045,936.88
loan_ebb15a21f2cb,off_bd85a51faf92,brw_f3f966929292,lnd_68d1bb39a009,33189.93,0.1316,60,2026-04-14,0.03,995.7
loan_d5fd506dd0a7,off_8a4ae37c279c,brw_b5f750cd4db9,lnd_2e2adcc3d662,5522.75,0.1644,24,2026-06-27,0.028,154.64
loan_6ee692bccf28,off_8dd670140074,brw_b5f750cd4db9,lnd_2e2adcc3d662,12739.12,0.1407,24,2025-12-02,0.028,356.7
loan_a8b4acdfdb46,off_b4d9957f3e4f,brw_b34a2785aafb,lnd_68d1bb39a009,16678.94,0.2047,60,2026-06-11,0.03,500.37
loan_3e5925414f3c,off_08b7b91d20bb,brw_eaa9fd1719d5,lnd_f0806e150f18,28770.78,0.1701,36,2026-06-05,0.032,920.66
loan_e22e39d12084,off_dea6d784c1d0,brw_fbf0628989e1,lnd_f0806e150f18,16415.23,0.1301,36,2025-11-19,0.032,525.29
loan_c0b2683a091f,off_4ce468701c4b,brw_87c3b5a3e568,lnd_40648b57da4a,24384.42,0.2072,24,2025-11-05,0.04,975.38
loan_e9711370a6e5,off_f9c6de72ae33,brw_87c3b5a3e568,lnd_abf7ad1fc508,21379.39,0.2842,60,2026-07-20,0.045,962.07
loan_1ade1716314c,off_f93420ef1bd6,brw_f2be2d02ae42,lnd_68d1bb39a009,20080.5,0.1444,60,2026-06-04,0.03,602.41
loan_fc9f243b5b3e,off_3cfee7769ddf,brw_f2be2d02ae42,lnd_68d1bb39a009,10759.37,0.1804,36,2026-06-26,0.03,322.78
loan_bb04e35ad3eb,off_5ee8e150ea92,brw_f2be2d02ae42,lnd_68d1bb39a009,6017.08,0.2163,36,2026-05-17,0.03,180.51
loan_38b4b722517a,off_8a95a5f5df34,brw_d72413e86175,lnd_abf7ad1fc508,27138.17,0.3496,48,2026-04-17,0.045,1221.22
loan_e2b125c248a6,off_e375af49e6ad,brw_aeb2be592eab,lnd_68d1bb39a009,27699.42,0.179,60,2026-03-22,0.03,830.98
loan_4a4a50692a77,off_5141ad75bd68,brw_380a7741d469,lnd_68d1bb39a009,12258.42,0.1529,12,2026-06-03,0.03,367.75
loan_288cbda65897,off_cd5b0d790181,brw_fd77cd9ad79f,lnd_abf7ad1fc508,3953.32,0.3183,48,2026-09-03,0.045,177.9
loan_142bf762ea64,off_8a36871197f8,brw_fd77cd9ad79f,lnd_abf7ad1fc508,20331.55,0.3021,48,2026-05-09,0.045,914.92
loan_61f17f308f60,off_07931d40fb1b,brw_5c6630d007e4,lnd_5201a46cec3a,21220.9,0.108,24,2026-08-16,0.025,530.52
loan_b3bcf0925f54,off_0a4ec05b6952,brw_3a2d1fa83e91,lnd_eb741dcfd1a0,21065.52,0.1079,60,2026-07-30,0.022,463.44
loan_1f6f2ff8087d,off_9d3f32c90910,brw_0919197d2089,lnd_68d1bb39a009,13766.14,0.1494,36,2026-02-01,0.03,412.98
loan_618448b05206,off_e17e12f8aa3e,brw_b991a626ee15,lnd_40648b57da4a,5590.46,0.3448,24,2026-07-22,0.04,223.62
loan_f4fd042f6cfb,off_3ab9b39da310,brw_9f7f0ceb1ccf,lnd_035d3bde8267,18985.66,0.0859,60,2026-09-05,0.018,341.74
loan_38d204b48330,off_294c36c76282,brw_9f7f0ceb1ccf,lnd_ebd3fcc47db6,12247.8,0.0976,36,2026-01-06,0.02,244.96
loan_63f0282ac8c4,off_6c30b2cdc2b0,brw_7b227f1bcc89,lnd_40648b57da4a,33143.73,0.2978,36,2025-09-16,0.04,1325.75
loan_dda561b409f4,off_6ad85a2d6c5c,brw_0ebe347040aa,lnd_54a37531f7e5,16960.21,0.0942,24,2025-09-07,0.015,254.4
loan_b98cf4e2cc2c,off_349992234a91,brw_83cd4691f059,lnd_eb741dcfd1a0,19340.55,0.131,60,2026-02-01,0.022,425.49
loan_3900ea550872,off_10c1d12db1a9,brw_deaafb42338e,lnd_68d1bb39a009,1631.28,0.1712,12,2026-09-14,0.03,48.94
loan_73f0e15a697a,off_756e0e091d10,brw_d9de787b6949,lnd_40648b57da4a,27389.98,0.3556,36,2026-04-29,0.04,1095.6
loan_3b5e4844e9e8,off_5c80596ecdbf,brw_ab4bf7a5ad1d,lnd_54a37531f7e5,11536.29,0.0959,24,2026-04-19,0.015,173.04
loan_5f8453f346ab,off_53a17fbc6e53,brw_12ffdf970368,lnd_68d1bb39a009,10217.93,0.1974,60,2026-09-12,0.03,306.54
loan_7003e0724ebf,off_606226c629c2,brw_1501a888ecd5,lnd_40648b57da4a,12050.31,0.3503,24,2026-07-05,0.04,482.01
loan_841d410f49ce,off_993ad2823af0,brw_8234275f94e1,lnd_f0806e150f18,3974.87,0.1236,60,2026-08-15,0.032,127.2
loan_606a9732caf4,off_6e72ceecab30,brw_8234275f94e1,lnd_40648b57da4a,26485.15,0.3562,60,2026-06-28,0.04,1059.41
loan_5ff491047d3a,off_438d704be52c,brw_0ee46a5e6988,lnd_2e2adcc3d662,7661.05,0.154,36,2026-01-29,0.028,214.51
loan_32fe40d47fd5,off_3ee98ecfd4fa,brw_316ba696a557,lnd_ebd3fcc47db6,1221.14,0.0671,48,2026-01-21,0.02,24.42
loan_d3c4e895f6f4,off_159a1e7741e9,brw_c1fed276751b,lnd_f0806e150f18,25989.73,0.1432,12,2026-08-15,0.032,831.67
loan_d21b1227c6fc,off_d6e95cb0639f,brw_c1fed276751b,lnd_f0806e150f18,11660.84,0.1885,48,2026-08-18,0.032,373.15
loan_8df1f491d942,off_b4f83e15c0bf,brw_35c6eff43b5d,lnd_abf7ad1fc508,10542.53,0.2444,24,2026-04-26,0.045,474.41
loan_663d5b37b16a,off_64fea7266d85,brw_1f2474d7441d,lnd_68d1bb39a009,13243.38,0.1593,12,2025-12-15,0.03,397.3
loan_07937868719e,off_ee6bbbd86c6c,brw_ccca58ecaee2,lnd_40648b57da4a,9933.38,0.285,36,2026-01-06,0.04,397.34
loan_be30b47901fa,off_783822e37c9d,brw_ed52cb69dbe2,lnd_f0806e150f18,6189.66,0.2015,48,2026-06-28,0.032,198.07
loan_0f544b13304c,off_22e93ec21ffe,brw_1b83705d8c3b,lnd_2e2adcc3d662,10892.69,0.1719,36,2026-07-18,0.028,305.0
loan_ed17d7d534f2,off_8a7088ede3e4,brw_b309820eaf4b,lnd_abf7ad1fc508,4339.53,0.2476,24,2026-02-12,0.045,195.28
loan_88788b05ac67,off_f792d2bb304f,brw_9ee6822bf314,lnd_035d3bde8267,26495.1,0.1004,36,2026-08-21,0.018,476.91
loan_15a42269a38c,off_853ad13706a9,brw_a376fe755b0a,lnd_f0806e150f18,2299.47,0.1948,36,2025-10-02,0.032,73.58
loan_927eb113eb35,off_7039774a30d7,brw_a376fe755b0a,lnd_abf7ad1fc508,16437.51,0.2784,12,2026-02-03,0.045,739.69
loan_e145fb85db84,off_4b476b00afda,brw_500a7f0957ef,lnd_abf7ad1fc508,6070.18,0.2931,60,2026-06-02,0.045,273.16
loan_a59aca0b047d,off_02098e5f44af,brw_d5a9ed7a0d69,lnd_eb741dcfd1a0,10477.84,0.0943,48,2026-07-16,0.022,230.51
loan_fd35d05f48a6,off_e0e419160035,brw_a8267ecac290,lnd_2e2adcc3d662,4641.16,0.1785,36,2026-06-25,0.028,129.95
loan_8e8ac8608bdc,off_da5c5cc84c2d,brw_c00ee39578c0,lnd_f0806e150f18,6785.32,0.1322,48,2026-09-09,0.032,217.13
loan_31037791648c,off_2f76d4a8a3b5,brw_f65d55e7345b,lnd_40648b57da4a,16981.15,0.2084,36,2026-05-17,0.04,679.25
loan_586a9a901c6a,off_0da570d7aca9,brw_9c8b7e1c0bec,lnd_eb741dcfd1a0,16411.62,0.0927,12,2026-08-14,0.022,361.06
loan_4aef4f303d99,off_8862e5d5b75f,brw_f60627c27799,lnd_40648b57da4a,11488.37,0.2404,36,2026-09-10,0.04,459.53
loan_0944b9b89dca,off_00613b74d85a,brw_8c8edf0ee32f,lnd_2e2adcc3d662,12419.92,0.1669,36,2026-09-13,0.028,347.76
loan_bdeac12074fe,off_b2998205f126,brw_8c8edf0ee32f,lnd_f0806e150f18,30519.45,0.1665,48,2026-07-28,0.032,976.62
loan_d562a98738b0,off_b06f5c8a49a5,brw_ba84770bacee,lnd_54a37531f7e5,6240.21,0.0871,36,2026-08-06,0.015,93.6
loan_73d25a4c082c,off_0c1edba47b8a,brw_7f4ac261bc86,lnd_5201a46cec3a,8508.83,0.1078,60,2026-07-30,0.025,212.72
loan_cc85931412e4,off_9e1217689c18,brw_7f4ac261bc86,lnd_f0806e150f18,30524.74,0.1926,36,2026-09-07,0.032,976.79
loan_39765220206f,off_c64d55aaed7a,brw_236698f4c1c0,lnd_68d1bb39a009,8006.48,0.1675,12,2026-09-19,0.03,240.19
loan_d654e7182357,off_2403ae73ccfa,brw_7675ea15939d,lnd_f0806e150f18,28265.5,0.2007,24,2026-06-10,0.032,904.5
loan_65cafbe6d27b,off_988eb5018f12,brw_64b1104f2543,lnd_abf7ad1fc508,24516.83,0.2658,60,2025-10-27,0.045,1103.26
loan_61d1ce6396f7,off_7e806323fdb9,brw_64b1104f2543,lnd_68d1bb39a009,30647.3,0.1858,24,2026-03-24,0.03,919.42
loan_173b34811efb,off_31d64e96d4d1,brw_e29dc83e93a0,lnd_f0806e150f18,3141.24,0.1206,24,2026-07-16,0.032,100.52
loan_5c761c67302b,off_c20d2dfc2fb4,brw_e29dc83e93a0,lnd_68d1bb39a009,6296.57,0.1366,60,2026-08-22,0.03,188.9
loan_f65e57111b20,off_5bde1f1acf73,brw_6fdcd368fc2d,lnd_f0806e150f18,18338.81,0.1484,12,2026-03-25,0.032,586.84
loan_bff1977a3513,off_498b4c5cd3b4,brw_6fdcd368fc2d,lnd_f0806e150f18,22949.14,0.1519,12,2026-08-04,0.032,734.37
loan_969c2c4f7e26,off_2720107bb27e,brw_9dbf0f3cdcb9,lnd_2e2adcc3d662,7175.63,0.1687,36,2026-08-19,0.028,200.92
loan_6aed0756c554,off_8f725400ada8,brw_9dbf0f3cdcb9,lnd_f0806e150f18,11575.2,0.149,36,2026-08-25,0.032,370.41
loan_34257e22edda,off_5f71ae674bea,brw_681c94bbbc4c,lnd_abf7ad1fc508,12649.31,0.2899,36,2026-02-14,0.045,569.22
loan_5b1970a132f6,off_df74f7ff67d2,brw_d550962721d4,lnd_f0806e150f18,11965.5,0.138,60,2026-05-20,0.032,382.9
loan_7157f68022be,off_9dbd0a47bfad,brw_2b10ed153a22,lnd_f0806e150f18,11902.06,0.1537,48,2026-06-19,0.032,380.87
loan_3b1b97a4bdbd,off_885cd0aa830d,brw_73fa99dddb66,lnd_abf7ad1fc508,8487.12,0.2565,24,2026-06-03,0.045,381.92
loan_774f870ab3ac,off_c60420394fa1,brw_5817fec74a67,lnd_abf7ad1fc508,26573.22,0.3564,36,2025-11-28,0.045,1195.79
loan_ab472d899bd7,off_91166c2fe6e6,brw_5817fec74a67,lnd_f0806e150f18,18230.6,0.1351,48,2026-08-01,0.032,583.38
loan_aca747945456,off_40092b4184ef,brw_5817fec74a67,lnd_f0806e150f18,4589.99,0.1529,12,2025-11-18,0.032,146.88
loan_59d1ed4b7618,off_c1d799b41740,brw_ac1efb247bfe,lnd_68d1bb39a009,4405.72,0.142,36,2025-12-28,0.03,132.17
loan_8d5e5eb6ee5f,off_a3bc9b21ff27,brw_a121151ca0fc,lnd_abf7ad1fc508,4834.93,0.2213,48,2026-05-22,0.045,217.57
loan_3eb9ba5d36d3,off_895c3780c997,brw_a121151ca0fc,lnd_40648b57da4a,22906.01,0.2633,24,2026-06-24,0.04,916.24
loan_8ade2ae515e1,off_38f0be562c03,brw_5c75fab92d2b,lnd_2e2adcc3d662,11249.86,0.1785,36,2026-07-06,0.028,315.0
loan_ddb3125be3a3,off_89d67f7a9dc0,brw_510c424325ce,lnd_f0806e150f18,15005.98,0.1738,12,2026-07-11,0.032,480.19
loan_4fb3068a5d65,off_7fc4532e9919,brw_510c424325ce,lnd_abf7ad1fc508,16991.44,0.2223,48,2026-06-11,0.045,764.61
loan_13165084860a,off_c0953248796e,brw_8ef8eb7b66d4,lnd_035d3bde8267,32548.48,0.0708,36,2026-07-26,0.018,585.87
loan_088aceddc52f,off_1301202b5476,brw_8ef8eb7b66d4,lnd_54a37531f7e5,3252.0,0.1109,36,2026-07-02,0.015,48.78
loan_6bd966ec8a46,off_dcfa8fa99180,brw_a2040eba0de8,lnd_40648b57da4a,10844.55,0.3308,36,2026-02-10,0.04,433.78
loan_f2df4fec0520,off_9bc55496fb1c,brw_4e81394afe24,lnd_54a37531f7e5,1059.77,0.1389,12,2026-03-28,0.015,15.9
loan_ec28ffc70088,off_677c24b342c2,brw_3f824fcf21ee,lnd_68d1bb39a009,4893.48,0.1878,48,2026-03-11,0.03,146.8
loan_5a84d90cff8b,off_ccb5a3dee063,brw_37361354f230,lnd_035d3bde8267,10243.3,0.105,24,2026-06-17,0.018,184.38
loan_c221f0bff4b6,off_874d9127af9f,brw_c786f1960aa5,lnd_54a37531f7e5,20462.6,0.1102,36,2025-07-05,0.015,306.94
loan_cb4bfafa7f69,off_ca25e093e673,brw_bb1a426c6ccb,lnd_abf7ad1fc508,14937.84,0.3279,36,2026-01-11,0.045,672.2
loan_ff206e6e024d,off_a804463155d0,brw_bb1a426c6ccb,lnd_40648b57da4a,1750.0,0.2994,36,2026-08-13,0.04,70.0
loan_be492c318478,off_c0e1e6504bc0,brw_84591d488d92,lnd_2e2adcc3d662,23787.49,0.1521,36,2025-11-26,0.028,666.05
loan_74da581ed024,off_413b1ef9bfd2,brw_c9e22c00cf14,lnd_40648b57da4a,7073.9,0.1995,12,2026-09-11,0.04,282.96
loan_b6ecc7bad15d,off_905958cbceb4,brw_c9e22c00cf14,lnd_2e2adcc3d662,4847.77,0.2087,48,2026-09-09,0.028,135.74
loan_0637444f0197,off_146ca7d20bc2,brw_3667bb230222,lnd_f0806e150f18,36144.28,0.1967,36,2026-05-10,0.032,1156.62
loan_3d97a845e338,off_0c62ce26e39f,brw_2ab606be9ed4,lnd_2e2adcc3d662,8745.09,0.2224,24,2026-05-09,0.028,244.86
loan_dabd4d0c6085,off_c63f54e83b96,brw_d37900b1b219,lnd_40648b57da4a,37152.99,0.2514,36,2025-11-01,0.04,1486.12
loan_5e00f48bb800,off_3cc3a9011ac4,brw_d37900b1b219,lnd_abf7ad1fc508,8096.42,0.2623,36,2025-12-17,0.045,364.34
loan_2863324c68d1,off_4656321fe4d5,brw_0b1a714554f0,lnd_f0806e150f18,17767.66,0.2035,60,2026-09-01,0.032,568.57
loan_41a0b91ee8bf,off_8394f1aef675,brw_0b1a714554f0,lnd_eb741dcfd1a0,21427.08,0.1,60,2026-08-25,0.022,471.4
loan_20cddba272da,off_a890a82bde47,brw_4408eb25cde1,lnd_40648b57da4a,23285.03,0.2014,48,2026-08-22,0.04,931.4
loan_ab01c5b3f44d,off_feb62b5bc2a0,brw_4408eb25cde1,lnd_abf7ad1fc508,14698.32,0.3366,36,2026-09-14,0.045,661.42
loan_a0c174f7a27b,off_14698df51b38,brw_4408eb25cde1,lnd_40648b57da4a,3582.07,0.2302,24,2026-09-14,0.04,143.28
loan_48500482ae4a,off_c5a166445079,brw_5a3cef0b6c65,lnd_40648b57da4a,33927.73,0.2155,12,2026-01-10,0.04,1357.11
loan_93b4b37d8776,off_8b3c8e4db04d,brw_5a3cef0b6c65,lnd_40648b57da4a,10412.42,0.2172,24,2026-03-04,0.04,416.5
loan_5f5c4ded8317,off_c08c61bb3e01,brw_63d2b2605da3,lnd_abf7ad1fc508,5673.2,0.2714,24,2026-01-04,0.045,255.29
loan_f53b51e90645,off_1a97a55d087e,brw_80c9c23f0576,lnd_54a37531f7e5,17452.67,0.0996,36,2026-08-14,0.015,261.79
loan_0eb89358df67,off_c7f9928b8cfd,brw_607de196ec98,lnd_54a37531f7e5,4901.98,0.0939,36,2026-05-22,0.015,73.53
loan_cf31ea01858a,off_448ed295fbc3,brw_d8193e9237d7,lnd_54a37531f7e5,8374.61,0.1071,48,2026-08-23,0.015,125.62
loan_53d17d82618c,off_ed57e076c997,brw_023ce74c916c,lnd_2e2adcc3d662,16748.24,0.143,48,2026-08-16,0.028,468.95
loan_c599fe61c291,off_f1982d87048d,brw_74e2d1b98cda,lnd_eb741dcfd1a0,4140.7,0.0946,36,2026-05-22,0.022,91.1
loan_9e441ccaf1a0,off_67bc091bb7d7,brw_74e2d1b98cda,lnd_abf7ad1fc508,33423.54,0.2622,36,2025-09-23,0.045,1504.06
loan_54626dd01626,off_3aa9dbfb651c,brw_74e2d1b98cda,lnd_54a37531f7e5,9356.51,0.1081,36,2025-12-28,0.015,140.35
loan_0c80680e757e,off_ff7b5d6ee880,brw_168ee376fa92,lnd_eb741dcfd1a0,34924.66,0.1044,36,2026-07-17,0.022,768.34
loan_0d0f668592a9,off_9c5e99785e5f,brw_0f65cf434d8b,lnd_eb741dcfd1a0,16837.43,0.1128,24,2026-06-09,0.022,370.42
loan_a14fab688e27,off_afb496e0e036,brw_ee6bfc1e3fac,lnd_eb741dcfd1a0,12093.53,0.0993,36,2026-08-25,0.022,266.06
loan_a828a1ff2099,off_e69b40d375a8,brw_ee6bfc1e3fac,lnd_eb741dcfd1a0,17526.64,0.1378,24,2026-08-20,0.022,385.59
loan_6e34951da096,off_b6f8d1429fda,brw_b757f9c8ee90,lnd_035d3bde8267,3609.25,0.1003,36,2026-04-11,0.018,64.97
loan_d3509616aa15,off_758f9326dfa6,brw_b757f9c8ee90,lnd_ebd3fcc47db6,22452.09,0.0795,24,2025-12-26,0.02,449.04
loan_9aba912a43e7,off_17f198dcdbfe,brw_4b21caadeb77,lnd_eb741dcfd1a0,8019.78,0.1123,24,2026-05-16,0.022,176.44
loan_7bdc9f70f14f,off_bc2594bf3f36,brw_57a5e7ef0f51,lnd_abf7ad1fc508,6370.46,0.223,48,2025-10-15,0.045,286.67
loan_14df9a83b18f,off_66e3741f164d,brw_18c3d074baf5,lnd_f0806e150f18,6149.17,0.151,48,2026-07-25,0.032,196.77
loan_57335fbb3b72,off_ec06d77bcb70,brw_18c3d074baf5,lnd_f0806e150f18,31006.35,0.1224,36,2026-08-05,0.032,992.2
loan_dad4a8759140,off_62ad395d08de,brw_75670c28d1f2,lnd_40648b57da4a,20488.56,0.2232,48,2026-03-08,0.04,819.54
loan_f164704802cf,off_2bb14e0929b4,brw_848ea7e046e8,lnd_5201a46cec3a,22906.89,0.1085,12,2026-05-12,0.025,572.67
loan_b30d1a48ffc0,off_c8ee8200a28f,brw_5b08d754280c,lnd_5201a46cec3a,7598.54,0.1262,48,2026-08-19,0.025,189.96
loan_554d39dc014e,off_e47b2fbfe11c,brw_b40df52d9515,lnd_68d1bb39a009,29029.94,0.1913,60,2026-08-04,0.03,870.9
loan_1c9d08057af5,off_4a465d2131c0,brw_075ebc6ea9fb,lnd_2e2adcc3d662,9358.48,0.2048,36,2025-12-29,0.028,262.04
loan_b851d53c94ed,off_2b80d5a9a3cd,brw_5f1bcfb6e338,lnd_eb741dcfd1a0,9551.43,0.1125,36,2026-02-02,0.022,210.13
loan_926724e698f8,off_68df793e6b4f,brw_ff375141450a,lnd_40648b57da4a,2484.67,0.2819,60,2026-02-24,0.04,99.39
loan_e27ece13d5fe,off_41640763ba9b,brw_770652fcb493,lnd_68d1bb39a009,19660.82,0.195,12,2026-09-06,0.03,589.82
loan_a978863c9859,off_92bcbbd5d463,brw_770652fcb493,lnd_f0806e150f18,19332.14,0.1285,36,2026-07-21,0.032,618.63
loan_321e62ed1ada,off_876b2e387909,brw_e66b60fa7a2b,lnd_68d1bb39a009,3310.51,0.1789,60,2025-09-11,0.03,99.32
loan_c607c48f2ea1,off_42ba0eceb07f,brw_0c8c09e80356,lnd_40648b57da4a,33768.76,0.3505,48,2026-09-19,0.04,1350.75
loan_26883228b9fc,off_7f273c536bd0,brw_b778ad3b3147,lnd_40648b57da4a,29089.48,0.3015,48,2026-08-13,0.04,1163.58
loan_2239cdb395fe,off_ee580a361900,brw_b778ad3b3147,lnd_035d3bde8267,18772.61,0.0804,36,2026-09-02,0.018,337.91
loan_aa359aa33dea,off_0c2ffe2a71df,brw_4121f18a54f9,lnd_5201a46cec3a,8625.08,0.1397,36,2026-06-04,0.025,215.63
loan_880903f366f7,off_691331f5a661,brw_f107512f1d37,lnd_2e2adcc3d662,19655.72,0.1761,24,2026-09-19,0.028,550.36
loan_bc62f63ea902,off_96f1f2eca49f,brw_798155736644,lnd_5201a46cec3a,2436.4,0.1046,36,2026-08-26,0.025,60.91
loan_cb2c147ae07d,off_89028535c717,brw_c6d67e8fdbf0,lnd_2e2adcc3d662,4819.08,0.1959,12,2026-01-26,0.028,134.93
loan_d0395e3d8dc4,off_c069d50dca7c,brw_8427e7d24d9a,lnd_eb741dcfd1a0,11526.05,0.1175,36,2026-01-09,0.022,253.57
loan_8d710d9d0e2c,off_58db2a89025c,brw_60949847fc01,lnd_abf7ad1fc508,28136.64,0.2248,24,2026-09-03,0.045,1266.15
loan_8080fe647854,off_dae11877c5d2,brw_19078e2bf01b,lnd_f0806e150f18,23940.45,0.1582,36,2026-09-17,0.032,766.09
loan_9349546bbe1d,off_71a54c584bdc,brw_b876d0ce6571,lnd_035d3bde8267,8833.01,0.0952,36,2025-11-02,0.018,158.99
loan_d9d022b0402e,off_bfe16a760168,brw_13f223470708,lnd_abf7ad1fc508,8579.88,0.3012,12,2025-12-04,0.045,386.09
loan_c382a6f400ef,off_a4a6ef6d9394,brw_771a5249e407,lnd_2e2adcc3d662,24561.3,0.1638,36,2026-08-17,0.028,687.72
loan_2e1a6f3b91c9,off_7e7fafbf359c,brw_76caddb64d26,lnd_54a37531f7e5,11520.99,0.0818,48,2025-10-14,0.015,172.81
loan_8f5d5a8c796d,off_8afc7f860398,brw_d8aca1efaa76,lnd_68d1bb39a009,6929.88,0.186,24,2026-01-10,0.03,207.9
loan_aa40b7e52963,off_2205ca394838,brw_028fa63ea992,lnd_abf7ad1fc508,18609.99,0.2434,48,2026-04-27,0.045,837.45
loan_6c43cf7f5000,off_f8e2fffb13c9,brw_60c688df5f02,lnd_035d3bde8267,13246.71,0.0949,60,2026-03-22,0.018,238.44
loan_f25169dc1afd,off_0532a16311a0,brw_1e27076ce1f0,lnd_f0806e150f18,26645.29,0.1612,48,2026-03-22,0.032,852.65
loan_8d7f8a48d15d,off_bce92fdba9ef,brw_1e27076ce1f0,lnd_abf7ad1fc508,8669.97,0.2318,24,2026-08-08,0.045,390.15
loan_b13136ff382f,off_d9e8f9546e4a,brw_99735ebde0b3,lnd_54a37531f7e5,5847.75,0.1024,48,2026-04-12,0.015,87.72
loan_f0af78de6679,off_9be25be1924f,brw_23cdfeee6be6,lnd_eb741dcfd1a0,10453.43,0.1397,36,2026-08-26,0.022,229.98
loan_9db55d62ba75,off_4783427caada,brw_3c6262ed5aa4,lnd_54a37531f7e5,7016.79,0.0841,48,2026-05-06,0.015,105.25
loan_d047307c8abb,off_d79549ae8c87,brw_d1079b5ba95d,lnd_ebd3fcc47db6,14820.64,0.0927,60,2026-04-18,0.02,296.41
loan_24981b8f429b,off_d317431dcb50,brw_d1079b5ba95d,lnd_f0806e150f18,28095.29,0.1268,48,2026-07-05,0.032,899.05
loan_166eb235ff67,off_14e0cd743f50,brw_042fa686fae0,lnd_2e2adcc3d662,15141.29,0.178,24,2026-06-17,0.028,423.96
loan_6872ec378ebb,off_aac8238a7965,brw_042fa686fae0,lnd_40648b57da4a,30214.46,0.295,48,2026-08-20,0.04,1208.58
loan_725f81310cfe,off_92633af982ca,brw_3c29ed126421,lnd_68d1bb39a009,7472.41,0.1902,24,2026-04-21,0.03,224.17
loan_8bf4d9eb9404,off_2ab074902cdb,brw_3c29ed126421,lnd_f0806e150f18,4374.76,0.1472,24,2026-08-11,0.032,139.99
loan_a73df9d59607,off_a5bf9adb7f58,brw_dbe574af0ed4,lnd_54a37531f7e5,8990.79,0.1007,36,2026-04-08,0.015,134.86
loan_1f28b604af79,off_41a711d1ceee,brw_fe0048152586,lnd_40648b57da4a,20342.53,0.2238,60,2026-09-09,0.04,813.7
loan_0090e468a302,off_82ce633d0824,brw_fe0048152586,lnd_40648b57da4a,3563.12,0.2147,36,2026-07-13,0.04,142.52
loan_16710a2826f3,off_d4a39962598c,brw_08cd64a79181,lnd_40648b57da4a,23874.21,0.2785,48,2026-06-11,0.04,954.97
loan_0d0218c2a8d7,off_72e63b6dd6a3,brw_08cd64a79181,lnd_f0806e150f18,6840.58,0.1227,60,2026-01-15,0.032,218.9
loan_cb47abc895df,off_e0609ef3c1d8,brw_81fb74338b02,lnd_40648b57da4a,29413.13,0.3486,24,2026-01-08,0.04,1176.53
loan_7a78c6fc83b0,off_ef1591d3dfbc,brw_81fb74338b02,lnd_f0806e150f18,29679.56,0.1957,36,2026-08-20,0.032,949.75
loan_92dfc8206d79,off_3bf183f39a2c,brw_81fb74338b02,lnd_68d1bb39a009,25296.73,0.1424,36,2026-01-24,0.03,758.9
loan_49dcdfc48072,off_0bf575f2b870,brw_2b5b4fd5034d,lnd_035d3bde8267,23556.32,0.0658,36,2026-09-12,0.018,424.01
loan_b9d0801f4416,off_a7735210d147,brw_cf7728533189,lnd_abf7ad1fc508,11614.77,0.231,36,2026-08-17,0.045,522.66
loan_a03257ceca0b,off_d8f380991e20,brw_d5f9aa7d9b73,lnd_40648b57da4a,17421.21,0.2563,36,2026-03-16,0.04,696.85
loan_cc9021c3a6fe,off_77ca70d01795,brw_7c32d1764751,lnd_5201a46cec3a,36522.87,0.1545,36,2026-06-20,0.025,913.07
loan_34a660fed252,off_1d3bcb42749f,brw_ceb31594deb8,lnd_f0806e150f18,19775.88,0.1475,60,2026-08-25,0.032,632.83
loan_4a338e8224ea,off_f7ae8362bff2,brw_1cb88c45a23e,lnd_abf7ad1fc508,26350.73,0.3321,48,2026-07-01,0.045,1185.78
loan_ac3647fefbc6,off_991dab7d06f6,brw_16899edbe5fa,lnd_f0806e150f18,5237.75,0.1938,12,2025-10-17,0.032,167.61
loan_8d9e9f10387f,off_dfd6cb897362,brw_16899edbe5fa,lnd_68d1bb39a009,4865.69,0.2192,36,2025-09-05,0.03,145.97
loan_7fd7110f680b,off_08d6d17dccdc,brw_615c04c9be3c,lnd_54a37531f7e5,7527.72,0.0951,36,2026-08-20,0.015,112.92
loan_d2e99f9fd2c1,off_100dc6490194,brw_615c04c9be3c,lnd_eb741dcfd1a0,17388.88,0.1438,60,2026-09-06,0.022,382.56
loan_0aebc816929e,off_336cc06ac2be,brw_cd3083bcbb6a,lnd_abf7ad1fc508,29671.82,0.32,48,2026-05-16,0.045,1335.23
loan_3632ab038ebb,off_4cb05344a0ac,brw_b0c1c01f8a20,lnd_f0806e150f18,15112.23,0.1592,12,2026-04-24,0.032,483.59
loan_1a53f1f288d2,off_0282498b0022,brw_b24944cb7e1f,lnd_54a37531f7e5,35133.12,0.1,24,2026-03-21,0.015,527.0
loan_f3e11dc9077b,off_93dd72168670,brw_b24944cb7e1f,lnd_2e2adcc3d662,13414.67,0.1425,24,2026-03-21,0.028,375.61
loan_334c28a4b84b,off_6dc1879cd980,brw_b24944cb7e1f,lnd_5201a46cec3a,7324.27,0.1508,24,2026-06-25,0.025,183.11
loan_31949789901d,off_313780457b1e,brw_2334944c2753,lnd_68d1bb39a009,16409.03,0.1881,12,2026-03-02,0.03,492.27
loan_a7656fe63821,off_4ac40e00405f,brw_c0ab26884d81,lnd_2e2adcc3d662,30093.02,0.1513,36,2026-07-22,0.028,842.6
loan_f8e4c684fb49,off_fd6f784e1376,brw_8880df7af1af,lnd_eb741dcfd1a0,17536.37,0.1253,48,2026-06-29,0.022,385.8
loan_cff620ca7175,off_240de7daf079,brw_8880df7af1af,lnd_5201a46cec3a,12493.11,0.1137,36,2026-03-21,0.025,312.33
loan_b742f0e2183a,off_7e703d7cc2f3,brw_8880df7af1af,lnd_54a37531f7e5,29915.59,0.0852,24,2026-02-20,0.015,448.73
loan_5dafc763cdc1,off_e188cd5d4de7,brw_dc8463c93421,lnd_40648b57da4a,23963.87,0.2492,36,2025-12-15,0.04,958.55
loan_c8ebea928959,off_462be6a68d44,brw_bce07bccd1f2,lnd_eb741dcfd1a0,7235.66,0.1408,48,2026-03-08,0.022,159.18
loan_6fe945928dce,off_713cfeebe839,brw_0cca3d60ad66,lnd_abf7ad1fc508,5786.73,0.235,24,2026-04-29,0.045,260.4
loan_2062b37dbcde,off_4a07193adcf0,brw_0cca3d60ad66,lnd_54a37531f7e5,22934.66,0.1244,12,2026-06-02,0.015,344.02
loan_3a3559fa173b,off_d4384d6b84be,brw_66b28fed96e0,lnd_f0806e150f18,3053.49,0.1532,36,2026-09-10,0.032,97.71
loan_d275e4f3fad9,off_1a8cb7c9a244,brw_8ae900e78e89,lnd_eb741dcfd1a0,10081.45,0.1228,48,2026-05-30,0.022,221.79
loan_fcdc3898a7b5,off_a6dd4ca8305e,brw_3b50531b3b24,lnd_abf7ad1fc508,29797.3,0.2729,36,2026-06-20,0.045,1340.88
loan_4ffa1e5a5b4b,off_b4e65ddf105e,brw_45429c3110db,lnd_5201a46cec3a,16158.83,0.1215,48,2026-09-19,0.025,403.97
loan_e91b255e3988,off_482a0746d947,brw_a1d3a0fb13c5,lnd_ebd3fcc47db6,8955.58,0.0857,36,2026-09-07,0.02,179.11
loan_7554a6af5d5f,off_bc07f447086e,brw_a1d3a0fb13c5,lnd_f0806e150f18,12322.1,0.2093,24,2026-06-13,0.032,394.31
loan_407b1505712b,off_ab1a22b9302d,brw_4b156144ba54,lnd_eb741dcfd1a0,26008.67,0.1455,36,2026-06-24,0.022,572.19
loan_ce48013aab3b,off_1af10b1b7a7e,brw_0ca9e76c48eb,lnd_abf7ad1fc508,28486.36,0.2716,24,2026-08-10,0.045,1281.89
loan_aedb8c11aa44,off_a2685691a402,brw_0ca9e76c48eb,lnd_2e2adcc3d662,11449.86,0.1514,48,2026-08-05,0.028,320.6
loan_90eb8ee0395d,off_b70281ce9674,brw_c9da8f422a20,lnd_40648b57da4a,28903.22,0.2105,60,2026-05-20,0.04,1156.13
loan_e28b3a783df4,off_f98e966ca1fe,brw_c9da8f422a20,lnd_2e2adcc3d662,17913.4,0.2061,48,2026-05-15,0.028,501.58
loan_c9e7e30d9857,off_1b4e8cc05f82,brw_ffaf09da9589,lnd_5201a46cec3a,20823.78,0.16,12,2026-08-19,0.025,520.59
loan_d145db2608df,off_23b1db18898c,brw_9cf19a1e6bc6,lnd_40648b57da4a,24322.2,0.3542,48,2026-03-30,0.04,972.89
loan_fc1b63c7ee6f,off_5c8a2d61d7af,brw_59b575dbb417,lnd_2e2adcc3d662,16565.78,0.1429,60,2026-02-19,0.028,463.84
loan_34d39e3112e7,off_bae07141554c,brw_98458705696b,lnd_54a37531f7e5,2893.62,0.0945,48,2026-02-27,0.015,43.4
loan_8faf0f37343c,off_660bd66cd28d,brw_98458705696b,lnd_40648b57da4a,7002.67,0.3027,36,2026-03-20,0.04,280.11
loan_0f43674ba86a,off_5cf9d6e3fb87,brw_3ef10e5f5177,lnd_abf7ad1fc508,6663.08,0.3381,36,2026-08-20,0.045,299.84
loan_0f889282afc2,off_17b667a5e349,brw_3ef10e5f5177,lnd_54a37531f7e5,5826.01,0.0976,36,2026-09-01,0.015,87.39
loan_9444b04b1f5a,off_5ff841fc47f9,brw_3ef10e5f5177,lnd_ebd3fcc47db6,19811.8,0.0618,48,2026-07-26,0.02,396.24
loan_938d34460124,off_2f1f699010dc,brw_9acabeeefa47,lnd_035d3bde8267,23270.22,0.1098,24,2026-08-31,0.018,418.86
loan_ebc490cf2422,off_26a8e4ce15ff,brw_9acabeeefa47,lnd_abf7ad1fc508,11584.29,0.255,24,2025-09-02,0.045,521.29
loan_83cd1debe1df,off_033036e6d649,brw_9acabeeefa47,lnd_ebd3fcc47db6,16854.34,0.0815,60,2026-01-17,0.02,337.09
loan_8dcf59778de4,off_a92491a12e2b,brw_907c95be8157,lnd_eb741dcfd1a0,12115.48,0.1022,36,2026-03-06,0.022,266.54
loan_6083df93d1bb,off_c93f59b124d3,brw_6c612ea38d9d,lnd_f0806e150f18,22681.85,0.1879,48,2026-04-03,0.032,725.82
loan_a7336e00eb48,off_c57d0f05ea8f,brw_d8462c8da840,lnd_54a37531f7e5,9293.48,0.0961,36,2026-07-24,0.015,139.4
loan_630e21c958a1,off_7353c76e40fe,brw_04e9718a641f,lnd_5201a46cec3a,10865.94,0.1436,36,2026-04-19,0.025,271.65
loan_972b5006b835,off_66a168d0924d,brw_9095cf54dfe5,lnd_f0806e150f18,18947.45,0.1276,36,2026-09-17,0.032,606.32
loan_ba04639575d9,off_9ab88280bf9f,brw_358118c16705,lnd_eb741dcfd1a0,3943.79,0.0998,36,2025-06-19,0.022,86.76
loan_e168f9eb6fc6,off_b3c29180c0ec,brw_358118c16705,lnd_eb741dcfd1a0,28226.09,0.096,48,2026-06-04,0.022,620.97
loan_eca9dddd5797,off_5e929110837c,brw_241bddda636e,lnd_abf7ad1fc508,11106.63,0.3047,48,2025-10-23,0.045,499.8
loan_606e959c2ed3,off_0601f902adf9,brw_866104f24486,lnd_eb741dcfd1a0,7392.48,0.1167,48,2026-09-17,0.022,162.63
loan_83ed5a56a0e4,off_dab91450219d,brw_76f6f54d945a,lnd_f0806e150f18,8177.46,0.1258,48,2026-04-10,0.032,261.68
loan_e7319e6cdf36,off_f605ae74531a,brw_76f6f54d945a,lnd_2e2adcc3d662,26365.73,0.1519,60,2026-07-07,0.028,738.24
loan_eebb074a1d09,off_02d956484299,brw_76f6f54d945a,lnd_f0806e150f18,10927.44,0.1346,24,2026-04-09,0.032,349.68
loan_1c72f323ea53,off_ca2ea7fd54b8,brw_ceee23d97780,lnd_54a37531f7e5,19044.69,0.0985,60,2026-02-14,0.015,285.67
loan_b0cda8a4c43d,off_dadedff57770,brw_736af84ae34e,lnd_5201a46cec3a,21920.97,0.0981,12,2026-05-08,0.025,548.02
loan_2e00c3d20463,off_9456a68a0331,brw_f038449d3663,lnd_2e2adcc3d662,14142.15,0.1604,24,2026-09-03,0.028,395.98
loan_eb9dafc9e750,off_5f4f453a1192,brw_84173dee87cc,lnd_f0806e150f18,30159.0,0.1619,48,2026-01-05,0.032,965.09
loan_822082586bd2,off_2ac4edbcba85,brw_5e9c8f201263,lnd_40648b57da4a,18545.14,0.2036,24,2026-06-27,0.04,741.81
loan_851a241ba4ec,off_75fef450efc4,brw_5e9c8f201263,lnd_abf7ad1fc508,10310.9,0.3434,48,2026-06-05,0.045,463.99
loan_182c3dd81e93,off_75b4e1a9c378,brw_1e40730929b6,lnd_5201a46cec3a,22640.36,0.1093,48,2026-09-01,0.025,566.01
loan_e95e3d63c285,off_f229e5a4c628,brw_c2f5e8b73f67,lnd_5201a46cec3a,12927.22,0.1091,36,2026-05-27,0.025,323.18
loan_4d98941559d6,off_58c6cd82e16b,brw_c2f5e8b73f67,lnd_5201a46cec3a,7120.29,0.1225,36,2026-09-17,0.025,178.01
loan_4a310bbfc2ac,off_6a689cd5c933,brw_d41ad2dc8410,lnd_2e2adcc3d662,11302.82,0.2119,36,2026-09-10,0.028,316.48
loan_d117a521552c,off_b6e0f28d2dcf,brw_2209ce0bc05c,lnd_abf7ad1fc508,12029.53,0.3006,60,2026-09-01,0.045,541.33
loan_4e22f5082772,off_0646e6bb9f5d,brw_2209ce0bc05c,lnd_68d1bb39a009,19020.89,0.1886,24,2026-08-29,0.03,570.63
loan_fdf11ba3bf7f,off_a3a682befaf6,brw_2209ce0bc05c,lnd_f0806e150f18,15445.09,0.1416,12,2026-08-10,0.032,494.24
loan_ad23fdb2850e,off_70e60139c0eb,brw_45ed772eae8f,lnd_abf7ad1fc508,12106.71,0.2999,36,2026-08-07,0.045,544.8
loan_a7a947d87513,off_41625c7202a6,brw_262a5d097048,lnd_2e2adcc3d662,23864.54,0.1558,36,2025-07-27,0.028,668.21
loan_1a10024d388f,off_b26dd2607567,brw_90c171568506,lnd_2e2adcc3d662,14238.12,0.204,36,2026-08-19,0.028,398.67
loan_77c6b24f8baf,off_b71e12f8070a,brw_99a6c6668811,lnd_54a37531f7e5,9715.88,0.0819,24,2026-03-27,0.015,145.74
loan_14b0bab31905,off_0dd75ed85326,brw_999fc1bb0537,lnd_f0806e150f18,7866.52,0.1366,36,2026-05-18,0.032,251.73
loan_32ecb8c85963,off_9a78d195167c,brw_039395e684bf,lnd_68d1bb39a009,26780.06,0.1574,36,2026-06-10,0.03,803.4
loan_0bf5faf941cd,off_985d2fb6449d,brw_f3d9d518f502,lnd_abf7ad1fc508,7551.01,0.3184,24,2026-07-30,0.045,339.8
loan_ce334cdbcb05,off_6e41ad24189b,brw_f3d9d518f502,lnd_54a37531f7e5,18885.2,0.1109,48,2026-07-17,0.015,283.28
loan_99a03b21c5f0,off_0416d8559fb3,brw_c23c64fee8c5,lnd_40648b57da4a,8516.73,0.2118,36,2026-08-05,0.04,340.67
loan_5ec865ab141b,off_011cddcfd6bb,brw_470f49936bf2,lnd_2e2adcc3d662,13443.75,0.1411,36,2026-07-29,0.028,376.43
loan_3dcf8d43ab1e,off_3ac49710d49e,brw_470f49936bf2,lnd_2e2adcc3d662,19194.08,0.1532,36,2026-09-07,0.028,537.43
loan_a52491313e0b,off_2007226415f1,brw_a42e69d77bed,lnd_abf7ad1fc508,12644.26,0.3179,24,2026-06-26,0.045,568.99
loan_2142b6fb898e,off_fcbaf098c7cc,brw_489a28ace651,lnd_40648b57da4a,5145.0,0.2783,60,2026-06-20,0.04,205.8
loan_ac8cc9f42fa4,off_4387cf469942,brw_3eaffab7c0b7,lnd_abf7ad1fc508,11718.23,0.2886,24,2026-07-20,0.045,527.32
loan_073e2476193d,off_1d0d482e9e9d,brw_4bb04d66ebc8,lnd_5201a46cec3a,34772.34,0.1141,48,2026-08-07,0.025,869.31
loan_b1d36e1600e9,off_09bb8fc00a8a,brw_4bb04d66ebc8,lnd_eb741dcfd1a0,945.66,0.1079,36,2026-08-30,0.022,20.8
loan_052ae0461ef2,off_2a90ee882f53,brw_8a5d901511a8,lnd_5201a46cec3a,27375.52,0.1287,48,2026-08-22,0.025,684.39
loan_a5b1b27cdc65,off_2af48d8914c2,brw_836122f76996,lnd_abf7ad1fc508,30979.96,0.3476,60,2025-09-03,0.045,1394.1
loan_873b9c4909d6,off_f4c2f3522ded,brw_6494c69ec38c,lnd_5201a46cec3a,21172.88,0.1049,60,2026-04-13,0.025,529.32
loan_855c5cbbd606,off_59b88aa9ce07,brw_6494c69ec38c,lnd_54a37531f7e5,28689.11,0.1267,48,2026-07-08,0.015,430.34
loan_8fcc081d21bb,off_8c112da39ab9,brw_2986c85fbc56,lnd_f0806e150f18,6940.78,0.1201,36,2026-02-24,0.032,222.1
loan_248adee6f5b1,off_1391d848115e,brw_2986c85fbc56,lnd_2e2adcc3d662,12719.9,0.1724,48,2026-05-14,0.028,356.16
loan_b3a3f0a7d256,off_ae9628913ed0,brw_d188e35f002f,lnd_abf7ad1fc508,17860.94,0.2585,48,2026-01-31,0.045,803.74
loan_bfce3d91859a,off_fe0c85e2194f,brw_d188e35f002f,lnd_40648b57da4a,32819.57,0.2761,48,2025-12-08,0.04,1312.78
loan_1f6c51051d5c,off_52b7a13d8bed,brw_d188e35f002f,lnd_40648b57da4a,7212.22,0.2986,36,2025-09-22,0.04,288.49
loan_f78739afa63a,off_f17b0fcd7da3,brw_8db2769d8d5e,lnd_40648b57da4a,15064.86,0.3511,24,2026-04-21,0.04,602.59
loan_456e50b0cc75,off_1a42ba6fb882,brw_28f1c6fe87b5,lnd_2e2adcc3d662,5522.57,0.1981,24,2025-12-06,0.028,154.63
loan_03940e488ab4,off_9fc145ab3f27,brw_39a6be2d3b3f,lnd_abf7ad1fc508,21444.64,0.359,12,2026-09-19,0.045,965.01
loan_3b3bb58378f8,off_d53517baead8,brw_ec577ed327e7,lnd_2e2adcc3d662,3897.08,0.2039,60,2025-10-09,0.028,109.12
loan_a1918db4c5de,off_edd60afece2b,brw_0f51d57a818b,lnd_f0806e150f18,23780.5,0.1267,24,2026-04-14,0.032,760.98
loan_aaf4d1f658ea,off_d0cfe51155a2,brw_18d801eaf970,lnd_5201a46cec3a,12171.29,0.0963,48,2026-03-28,0.025,304.28
loan_a57b8e5c82f7,off_124f7f81ffe6,brw_18d801eaf970,lnd_eb741dcfd1a0,30262.68,0.1436,60,2025-12-18,0.022,665.78
loan_84db59154b25,off_cf0c4c83267f,brw_f0986c638272,lnd_5201a46cec3a,29498.89,0.1131,36,2026-07-06,0.025,737.47
loan_21b58ae5472c,off_7efe4e5f1da4,brw_83ef690de6db,lnd_54a37531f7e5,5808.83,0.0806,36,2026-09-19,0.015,87.13
loan_fdc713155c66,off_f4ce134f7528,brw_83ef690de6db,lnd_eb741dcfd1a0,30471.03,0.0918,48,2026-07-17,0.022,670.36
loan_fd2157661c50,off_739b4a108ce0,brw_4513918db709,lnd_eb741dcfd1a0,12108.73,0.1351,12,2026-09-11,0.022,266.39
loan_93c977594020,off_f44b8efac0c8,brw_0169e2f392b7,lnd_f0806e150f18,16520.03,0.1441,36,2026-07-31,0.032,528.64
loan_45e4db55d3c0,off_428dc88af368,brw_41af4f706136,lnd_40648b57da4a,6403.49,0.3181,36,2026-09-01,0.04,256.14
loan_31211f534f45,off_b5b904fa4ffa,brw_2a5d58442f74,lnd_abf7ad1fc508,8187.38,0.3358,36,2025-09-25,0.045,368.43
loan_b3f9ecf0c6c5,off_1957993ce16b,brw_9dd84d58b653,lnd_f0806e150f18,19646.44,0.1703,60,2026-08-26,0.032,628.69
loan_8b257fe0134c,off_874c6262f822,brw_744844288c1e,lnd_68d1bb39a009,2456.08,0.1376,24,2025-11-01,0.03,73.68
loan_03aaaddb9d09,off_4757166e9989,brw_54050d1fce76,lnd_eb741dcfd1a0,13884.97,0.1324,48,2026-05-25,0.022,305.47
loan_41c31a6942f1,off_eab6afc88b30,brw_afd87d81dd67,lnd_abf7ad1fc508,11118.38,0.33,36,2025-12-24,0.045,500.33
loan_f0dbbd90a459,off_5c9b1915485c,brw_02dd3ad9bd0f,lnd_40648b57da4a,20262.98,0.3261,60,2025-12-20,0.04,810.52
loan_19146d497091,off_482b4cdad3d9,brw_02dd3ad9bd0f,lnd_68d1bb39a009,9091.75,0.1912,36,2026-02-22,0.03,272.75
loan_35ef35121ba4,off_20e5e71cee8a,brw_017ff13ad2a9,lnd_5201a46cec3a,21143.48,0.1015,36,2026-06-17,0.025,528.59
loan_66eed724c4dc,off_3674b8c56166,brw_017ff13ad2a9,lnd_f0806e150f18,29025.09,0.1783,24,2026-07-15,0.032,928.8
loan_8b09b03233f2,off_e2015ad87c99,brw_7dde81048000,lnd_54a37531f7e5,8534.03,0.0949,24,2026-05-02,0.015,128.01
loan_4fca8107cdde,off_d2dbb7738c72,brw_e060f7e1093a,lnd_eb741dcfd1a0,1005.71,0.119,12,2026-03-08,0.022,22.13
loan_74009a8ff973,off_988e782cde2f,brw_e92d3ff0306e,lnd_f0806e150f18,4004.41,0.1335,36,2025-11-04,0.032,128.14
loan_b5cdf55c7bba,off_0d82cf3bdbf5,brw_95b5dd3b273b,lnd_54a37531f7e5,23547.96,0.1045,36,2025-10-26,0.015,353.22
loan_3228254635a7,off_d5fdff53b1a1,brw_83d1fef4dfea,lnd_abf7ad1fc508,1388.41,0.2465,36,2026-01-10,0.045,62.48
loan_e6efa4997ead,off_7440a1cf6300,brw_01f711fcea09,lnd_5201a46cec3a,12003.05,0.1028,24,2026-04-10,0.025,300.08
loan_42dec088677b,off_7ad3728b867a,brw_b2cdf6028787,lnd_40648b57da4a,36080.74,0.3144,36,2026-06-23,0.04,1443.23
loan_53e2ba234c7a,off_61dd6e110fa8,brw_b7e6e471d3aa,lnd_ebd3fcc47db6,18574.89,0.0609,36,2026-09-11,0.02,371.5
loan_350f0059ed7d,off_b89408e51ae3,brw_b7e6e471d3aa,lnd_ebd3fcc47db6,12487.38,0.0802,36,2025-12-09,0.02,249.75
loan_31ce72a67014,off_c0ff409d1b86,brw_43267584c041,lnd_2e2adcc3d662,20148.31,0.1717,36,2025-06-27,0.028,564.15
loan_5909653146c6,off_46670dd05c41,brw_371d5e51e481,lnd_abf7ad1fc508,11599.47,0.337,24,2026-09-05,0.045,521.98
loan_080d83d92fc3,off_26c0168ecf57,brw_0c8c6596e718,lnd_5201a46cec3a,18798.35,0.1393,36,2025-07-16,0.025,469.96
loan_43dd38b0307e,off_3b76e34bf52d,brw_44764cf9d0c9,lnd_5201a46cec3a,8683.38,0.1228,36,2026-06-14,0.025,217.08
loan_610644dd9c9d,off_3579ff2af180,brw_ccf6af544e5e,lnd_2e2adcc3d662,8441.4,0.1683,24,2026-07-19,0.028,236.36
loan_1b931100b764,off_171fda3ed138,brw_e9b7b4b683b3,lnd_abf7ad1fc508,2002.43,0.2813,12,2026-09-04,0.045,90.11
loan_0536753c980b,off_d4dd01a8ccbf,brw_6186611d5213,lnd_40648b57da4a,16859.3,0.2205,12,2026-09-19,0.04,674.37
loan_f453284312e6,off_08875429b535,brw_aeede01edef5,lnd_eb741dcfd1a0,12782.62,0.1182,60,2026-05-11,0.022,281.22
loan_f6590948912a,off_8263b7604e7f,brw_9345f53ca303,lnd_2e2adcc3d662,22752.19,0.1464,36,2026-01-26,0.028,637.06
loan_0bf1f5f70316,off_e42e5b0d800b,brw_9345f53ca303,lnd_f0806e150f18,28170.81,0.1508,48,2025-10-09,0.032,901.47
loan_f39f3a9f0f16,off_d1f60f055cf1,brw_4d3309cbd0c1,lnd_68d1bb39a009,6799.55,0.1747,60,2025-11-13,0.03,203.99
loan_548d4a234bd2,off_9cb9d78cd193,brw_67d297f73ae6,lnd_2e2adcc3d662,2668.23,0.1789,48,2026-07-22,0.028,74.71
loan_de88655b1318,off_88c1d04e8c77,brw_37378d242875,lnd_68d1bb39a009,6393.87,0.1416,36,2025-12-11,0.03,191.82
loan_c6123f29d067,off_43954ee3ceda,brw_37378d242875,lnd_68d1bb39a009,9039.26,0.1625,60,2025-11-15,0.03,271.18
loan_1c7b51020cad,off_ef3b5b4ea04a,brw_f77a6cec818d,lnd_2e2adcc3d662,12772.49,0.2216,48,2026-08-18,0.028,357.63
loan_3887ac41f694,off_872811ccc295,brw_cfe644b49716,lnd_5201a46cec3a,13177.31,0.146,12,2026-06-27,0.025,329.43
loan_1a135a47c741,off_9f41eb37caa9,brw_bb7338165302,lnd_54a37531f7e5,12457.52,0.1337,12,2026-09-06,0.015,186.86
loan_3ba36dc2ead7,off_da85f2ec3337,brw_eae18ebf1623,lnd_f0806e150f18,27649.49,0.161,24,2026-03-24,0.032,884.78
loan_a63a7438343d,off_6f48bdfe2288,brw_6a270ca47492,lnd_68d1bb39a009,16964.72,0.1552,60,2025-11-16,0.03,508.94
loan_7e3d5e6baad7,off_b164b82ad22c,brw_4f60942ec560,lnd_2e2adcc3d662,17950.13,0.1798,36,2026-09-09,0.028,502.6
loan_80550c620619,off_b48b475597a2,brw_d59a45d2d2fc,lnd_eb741dcfd1a0,16772.74,0.137,24,2026-06-17,0.022,369.0
loan_825dac89bc84,off_081c88035dcb,brw_a1327dcb2603,lnd_2e2adcc3d662,16599.06,0.228,36,2026-03-18,0.028,464.77
loan_23109f9a1e51,off_ca70bb7e25f9,brw_1651dd009b6d,lnd_68d1bb39a009,10893.82,0.176,48,2026-03-27,0.03,326.81
loan_ab1afb0ef6d5,off_83a60616a472,brw_3bf3b6125bef,lnd_40648b57da4a,9692.74,0.2413,36,2026-07-30,0.04,387.71
loan_d0ef0ecfc4c7,off_57e98345d6d5,brw_83f7151a94a0,lnd_68d1bb39a009,18814.47,0.1792,24,2026-08-29,0.03,564.43
loan_2b12d79bc0f5,off_3c25aefcbeaa,brw_d9841ad5e649,lnd_40648b57da4a,8296.64,0.2726,36,2026-07-16,0.04,331.87
loan_5cb620edd324,off_9dbfa8bed923,brw_38fe374724cf,lnd_f0806e150f18,17953.64,0.1394,36,2026-08-11,0.032,574.52
loan_cbb1547a71ea,off_af23d0c9d86a,brw_a8c4839022ae,lnd_ebd3fcc47db6,39786.33,0.0818,48,2026-09-19,0.02,795.73
loan_5b4836c93bdc,off_51e9fb51edcc,brw_4d7ebde27f19,lnd_68d1bb39a009,2705.22,0.1477,48,2026-05-17,0.03,81.16
loan_604cf02cb59d,off_44b7f882ed50,brw_80088e50c7b7,lnd_f0806e150f18,24349.31,0.1809,24,2026-04-22,0.032,779.18
loan_0af8edcb4702,off_f95564083cf0,brw_554cdd4d846a,lnd_54a37531f7e5,28205.51,0.1062,36,2026-07-09,0.015,423.08
loan_4652eb486a19,off_147dcdacc3b7,brw_554cdd4d846a,lnd_54a37531f7e5,17715.88,0.0832,36,2026-05-26,0.015,265.74
loan_9523b9cd5b28,off_91898416044c,brw_9948a414f595,lnd_40648b57da4a,7235.85,0.2001,36,2026-05-17,0.04,289.43
loan_e9b6ea54e739,off_a825f65e879b,brw_767d803d6b91,lnd_ebd3fcc47db6,5413.01,0.0951,24,2026-09-02,0.02,108.26
loan_e782d4de2410,off_c8959650fa52,brw_767d803d6b91,lnd_ebd3fcc47db6,30682.05,0.0703,36,2026-08-22,0.02,613.64
loan_046269c6b879,off_0016b4436797,brw_767d803d6b91,lnd_eb741dcfd1a0,9605.91,0.1234,12,2026-06-10,0.022,211.33
loan_557211032730,off_fc1be38ab0a0,brw_416d9d4f26f3,lnd_5201a46cec3a,17455.0,0.1048,36,2026-04-11,0.025,436.38
loan_660fcc69c123,off_2fabfc8191ff,brw_416d9d4f26f3,lnd_f0806e150f18,12282.02,0.1298,24,2026-07-08,0.032,393.02
loan_dc875b916eae,off_f6fc9a63fbf3,brw_416d9d4f26f3,lnd_5201a46cec3a,16789.33,0.1566,24,2025-10-23,0.025,419.73
loan_0d3a148a827f,off_b7b01e187cf5,brw_963a3371904f,lnd_68d1bb39a009,8694.63,0.1923,36,2025-10-29,0.03,260.84
loan_cfe899765759,off_8222995396de,brw_05893e303d59,lnd_f0806e150f18,34959.18,0.1369,60,2025-08-27,0.032,1118.69
loan_d2404efac302,off_7cacf82121ce,brw_319f06c41bfe,lnd_ebd3fcc47db6,3147.74,0.0753,36,2026-06-25,0.02,62.95
loan_d9da32a06094,off_5c3bc280c45c,brw_319f06c41bfe,lnd_ebd3fcc47db6,10117.35,0.0687,60,2026-08-13,0.02,202.35
loan_a841c9ff9bbe,off_acd2e9e04332,brw_be0ceabcf5dd,lnd_f0806e150f18,29688.26,0.1949,12,2026-09-04,0.032,950.02
loan_cd9916b3c433,off_86ec08cecac0,brw_972de9a3bbbd,lnd_68d1bb39a009,28425.59,0.133,60,2026-07-13,0.03,852.77
loan_5ad1c6f8ddda,off_ddee55a0d9a8,brw_972de9a3bbbd,lnd_f0806e150f18,20442.04,0.1616,12,2026-09-14,0.032,654.15
loan_3f48c1efdac9,off_8eb939884df0,brw_972de9a3bbbd,lnd_f0806e150f18,10282.72,0.1789,24,2026-09-18,0.032,329.05
loan_a7e0e0bd839d,off_8178421e2966,brw_d4a2d8dbdcd8,lnd_68d1bb39a009,29287.88,0.1961,36,2026-07-06,0.03,878.64
loan_0744afe7b5d2,off_07f97569f913,brw_d4a2d8dbdcd8,lnd_f0806e150f18,29964.33,0.1483,24,2026-02-18,0.032,958.86
loan_4fd09043b4b2,off_76114591c3c4,brw_1e6e494c79fc,lnd_68d1bb39a009,27971.09,0.1732,36,2026-02-14,0.03,839.13
loan_6953d6680c3b,off_beafea2c5723,brw_821f7dadee88,lnd_f0806e150f18,32372.84,0.2008,36,2026-08-16,0.032,1035.93
loan_3304487a866a,off_f0d8cccee64c,brw_79143c503db4,lnd_5201a46cec3a,4413.1,0.1429,12,2026-08-14,0.025,110.33
loan_c20537a7f086,off_a122ada02535,brw_12dbd61e4a9c,lnd_f0806e150f18,5340.34,0.1812,24,2026-09-19,0.032,170.89
loan_5af27c0e76c0,off_40a8dab20bdb,brw_416aa09ecc56,lnd_40648b57da4a,12373.17,0.3078,48,2026-03-08,0.04,494.93
loan_03f9bfe5d403,off_75e50440b39b,brw_33cf4b9f8d2b,lnd_68d1bb39a009,12994.36,0.1679,12,2026-08-15,0.03,389.83
loan_dfc2c8256d54,off_a71fdccc299c,brw_c8c26128a6cb,lnd_f0806e150f18,15059.27,0.1847,36,2026-05-21,0.032,481.9
loan_b4cee38eee99,off_58e17a357682,brw_3628c2f09369,lnd_5201a46cec3a,29246.99,0.1216,48,2026-04-19,0.025,731.17
loan_3c7419d55c8a,off_88994f15d57b,brw_dc1f6a148e36,lnd_eb741dcfd1a0,8455.57,0.1176,48,2026-07-21,0.022,186.02
loan_7372974f5b03,off_075e717524a5,brw_bd6986ff2592,lnd_f0806e150f18,8234.44,0.1465,12,2025-12-17,0.032,263.5
loan_695f0d774fcd,off_4843a7055488,brw_c2ee0fd6128b,lnd_54a37531f7e5,9176.35,0.1051,24,2026-05-16,0.015,137.65
loan_47bdc12a33af,off_8b41d196734e,brw_8b1654872be8,lnd_eb741dcfd1a0,23725.26,0.0939,24,2026-04-21,0.022,521.96
loan_f02edd51e4dd,off_4b623fd358ff,brw_74100250205f,lnd_f0806e150f18,10835.6,0.1457,24,2026-03-04,0.032,346.74
loan_bc353ca69293,off_42d29e888d34,brw_79aabdd21ced,lnd_5201a46cec3a,17691.37,0.1238,24,2026-03-10,0.025,442.28
loan_541f6934e30f,off_0f35d23c14cf,brw_302be39f9a38,lnd_abf7ad1fc508,26308.64,0.3069,36,2026-05-15,0.045,1183.89
loan_c3583c5ebbc6,off_823f74146065,brw_302be39f9a38,lnd_abf7ad1fc508,8422.42,0.3097,48,2026-08-16,0.045,379.01
loan_8555ad503f1a,off_c037f451a37b,brw_ea4d97ac4baf,lnd_54a37531f7e5,11491.33,0.091,12,2026-04-28,0.015,172.37
loan_e7879f80fd59,off_d782c287b8ae,brw_c3cdd1599334,lnd_68d1bb39a009,13296.13,0.1987,36,2026-09-14,0.03,398.88
loan_c02897446b88,off_f196b134b575,brw_3d5d50663e5e,lnd_68d1bb39a009,14611.15,0.1828,36,2026-05-01,0.03,438.33
loan_0c7c668d1094,off_aa5e29f47a48,brw_24d882808d67,lnd_5201a46cec3a,1073.41,0.1155,36,2026-07-22,0.025,26.84
loan_b09daf92dbad,off_6118bf0fa2d3,brw_d659b320c4a0,lnd_5201a46cec3a,6880.62,0.1069,60,2026-02-09,0.025,172.02
loan_d4fb4b82f615,off_1cd916f705f0,brw_d659b320c4a0,lnd_5201a46cec3a,6190.92,0.0991,24,2025-11-15,0.025,154.77
loan_81b0110c2b91,off_613d28fca234,brw_2db5bd57bbec,lnd_2e2adcc3d662,6602.51,0.1437,24,2025-04-13,0.028,184.87
loan_8c32495c95f8,off_ea8357e506cd,brw_2db5bd57bbec,lnd_f0806e150f18,34858.0,0.1609,60,2025-12-30,0.032,1115.46
loan_ea993078a37d,off_b9dd6cdb1ff9,brw_fc84194eadbe,lnd_f0806e150f18,5070.34,0.192,36,2026-09-12,0.032,162.25
loan_5c614d1a6e2e,off_be58e4d4f033,brw_d91c7d8857bd,lnd_68d1bb39a009,17105.13,0.152,60,2026-05-02,0.03,513.15
