application_id,borrower_id,loan_purpose,requested_amount,application_date,status
app_3ef651f63c20,brw_07a30dac991d,debt_consolidation,23227.19,2025-11-28,offers_declined
app_ca374edc198b,brw_07a30dac991d,home_improvement,23349.89,2026-05-09,offers_declined
app_2a5c21b9fb32,brw_8c408e255746,debt_consolidation,9939.71,2026-09-17,funded
app_d66dc65387d6,brw_8c408e255746,medical,7779.52,2026-06-17,funded
app_554b938f9cc4,brw_da6da610c67f,medical,13352.75,2026-02-05,offers_declined
app_c52d5f5f76ea,brw_b9a7a4f01a7c,home_improvement,17851.32,2025-08-16,funded
app_45feb89dd778,brw_b9a7a4f01a7c,major_purchase,7570.52,2025-07-21,funded
app_854169709fc9,brw_4ddf8211ad16,home_improvement,17048.68,2026-07-29,funded
app_b050f1c1deaf,brw_779199b75246,major_purchase,8606.64,2026-06-25,offers_declined
app_ba7abb9a1083,brw_c35af7b13f27,debt_consolidation,23083.49,2026-08-16,funded
app_7563a078944a,brw_c35af7b13f27,other,10071.63,2026-08-27,funded
app_8a29cb7d0c83,brw_4105177c8aec,major_purchase,17647.86,2026-02-26,funded
app_40c853862742,brw_4105177c8aec,medical,8894.76,2026-07-27,funded
app_c53a21cd91e9,brw_96134911d72b,debt_consolidation,25481.91,2026-07-17,funded
app_beea6a2679f3,brw_724b50bda1a3,debt_consolidation,7018.73,2025-07-30,funded
app_70eaf41dbf50,brw_3e38fef38249,debt_consolidation,26227.3,2025-11-17,funded
app_04d66781c47a,brw_1b57310b0669,major_purchase,15514.42,2026-05-29,offers_declined
app_055f126aa016,brw_1b57310b0669,other,8043.39,2026-07-01,funded
app_c730adf45558,brw_777832b09d66,debt_consolidation,9530.89,2025-10-05,funded
app_6605e8032363,brw_777832b09d66,debt_consolidation,19280.15,2026-03-06,funded
app_4835318f1b9e,brw_7eebe2714875,debt_consolidation,7280.55,2026-09-11,offers_declined
app_9a41734cbd59,brw_144c8a1d554b,other,19585.29,2026-04-02,offers_declined
app_0e627176f746,brw_144c8a1d554b,home_improvement,24992.54,2026-09-03,funded
app_6680e1a13e22,brw_17fc73551b94,major_purchase,17478.49,2026-09-04,funded
app_0f9f9b534d5c,brw_17fc73551b94,major_purchase,17124.84,2025-09-17,funded
app_3c8d0ccfbd26,brw_ba2ee3a5a60a,debt_consolidation,17479.26,2026-05-12,funded
app_6a6f22df9e40,brw_ba2ee3a5a60a,home_improvement,19740.55,2026-05-01,funded
app_84a2d2ab8b3f,brw_ba2ee3a5a60a,medical,12168.58,2026-09-11,funded
app_4771b1f6c829,brw_4b1e9c94f363,debt_consolidation,14779.55,2026-08-09,funded
app_3b10f712bfbf,brw_f74c18a29085,debt_consolidation,24065.05,2026-02-06,funded
app_644fb076b42a,brw_04e14a62fb52,major_purchase,14643.7,2026-07-07,funded
app_bba62763dd42,brw_0e6006f84292,debt_consolidation,13432.55,2026-07-23,offers_declined
app_5e39fbc80068,brw_0e6006f84292,home_improvement,16254.24,2026-08-26,offers_declined
app_355b6455148c,brw_29b6e3cf672b,medical,4205.26,2026-06-12,funded
app_deacb0f3e852,brw_cedd44c03fdb,home_improvement,32000.66,2026-08-09,funded
app_eee796c814ed,brw_cedd44c03fdb,home_improvement,6049.83,2026-08-18,funded
app_0a06a2399cbe,brw_921c7e3dcc39,debt_consolidation,6916.16,2026-09-07,funded
app_5bbb4ee41022,brw_549870f29680,debt_consolidation,29130.14,2025-12-12,offers_declined
app_f64635261b5a,brw_af3b4b559613,debt_consolidation,34493.47,2026-04-24,funded
app_e5669e96c251,brw_af3b4b559613,debt_consolidation,12950.24,2026-07-22,funded
app_ef37bbb4ae47,brw_408c5e34b2c1,home_improvement,12576.36,2026-06-01,funded
app_5d21218fbfcd,brw_408c5e34b2c1,debt_consolidation,18829.85,2026-06-11,funded
app_7c11e8156495,brw_f99c100bfb59,medical,8709.64,2026-07-21,offers_declined
app_fdc6d2a59170,brw_897ee13570aa,medical,11735.79,2026-08-17,offers_declined
app_76c8db74d508,brw_eaa121b4092f,home_improvement,32829.78,2026-07-21,offers_declined
app_15b81187bbcb,brw_c86e9eef5839,major_purchase,24095.23,2026-02-20,funded
app_2a3e3ee5ef6e,brw_c86e9eef5839,debt_consolidation,27360.3,2026-04-22,funded
app_30aeebbf0f7c,brw_e5ffc929693e,debt_consolidation,7211.28,2026-04-23,funded
app_f493c0b46a54,brw_e5ffc929693e,debt_consolidation,34231.95,2026-02-18,offers_declined
app_ec87a868a305,brw_851435f27135,debt_consolidation,18192.21,2026-02-07,funded
app_5d2c807da51c,brw_4c1e29ba042b,debt_consolidation,34531.04,2026-07-23,funded
app_d4b43e3cbdaa,brw_4c1e29ba042b,medical,9655.42,2026-07-01,offers_declined
app_db0ee1c3949d,brw_4c1e29ba042b,major_purchase,2665.81,2026-08-02,funded
app_f29adbfd3d7e,brw_c2c3194e6788,debt_consolidation,28409.11,2026-08-30,funded
app_d8704d4af648,brw_c2c3194e6788,home_improvement,20824.32,2026-07-06,funded
app_612a291af303,brw_2460e90f0d79,home_improvement,24165.57,2026-08-16,funded
app_6bc796ca7d1d,brw_2460e90f0d79,home_improvement,23655.18,2026-09-18,funded
app_8dc90959cfe6,brw_74314b156379,debt_consolidation,27326.3,2025-09-13,funded
app_f7a4c5615d35,brw_74314b156379,medical,11229.23,2025-06-11,offers_declined
app_bf0896c11101,brw_c07f849a73b6,debt_consolidation,32206.83,2026-02-08,funded
app_9aed7fc66a29,brw_cce9f093402c,major_purchase,21124.47,2025-11-02,funded
app_e1d0631008b0,brw_31241439df73,debt_consolidation,10241.05,2026-05-24,funded
app_17db48642dc1,brw_250319701196,medical,7833.72,2026-03-03,funded
app_0bb6c37c6aeb,brw_81bac5032c10,debt_consolidation,11681.2,2026-05-05,funded
app_c82a33ffd769,brw_e1cc84e0717c,home_improvement,3006.28,2026-03-24,funded
app_79c1d6935e65,brw_769c6556eaa3,major_purchase,3069.51,2025-02-11,funded
app_6895fe821d9f,brw_769c6556eaa3,other,18402.29,2025-12-26,funded
app_335761a96a72,brw_2b87f526da17,home_improvement,31148.68,2026-08-28,funded
app_61bf43856b98,brw_d76fddc64089,other,2022.24,2026-08-20,offers_declined
app_5f9bd4736b45,brw_e53da88fd8b1,home_improvement,8727.81,2026-03-30,funded
app_ea9fd15fe2f6,brw_ef10c76a3abf,home_improvement,25981.87,2026-09-08,funded
app_e00957a391d5,brw_bd2b2213296f,debt_consolidation,26506.05,2025-04-08,funded
app_fae08c746c22,brw_bd2b2213296f,major_purchase,2708.84,2025-12-11,funded
app_a82be8c009f5,brw_714f19eff8d7,debt_consolidation,10519.78,2026-06-24,offers_declined
app_754481c10372,brw_0b8a1c46909c,medical,8695.3,2026-09-14,funded
app_12d9b7f2d511,brw_0b8a1c46909c,major_purchase,5089.03,2026-09-05,offers_declined
app_ab1257ae28c3,brw_0b8a1c46909c,home_improvement,33067.77,2026-09-13,funded
app_239986608b0d,brw_fd79a1822665,medical,3508.03,2025-12-29,funded
app_71bd01c3193f,brw_fd79a1822665,home_improvement,16515.98,2026-04-29,funded
app_feec76e6165d,brw_cb9e72347365,home_improvement,20723.78,2026-09-11,funded
app_57bae4ad2ef5,brw_cb9e72347365,medical,14898.86,2026-07-05,offers_declined
app_f8a320831ae5,brw_a54cc638c28b,medical,2645.23,2026-09-17,offers_declined
app_cc5b00fe069a,brw_d77a16be0e9f,debt_consolidation,24547.28,2026-03-17,funded
app_43659788f7f2,brw_cec721950113,debt_consolidation,26164.84,2026-03-15,funded
app_3e7ae9e14842,brw_cec721950113,major_purchase,16726.7,2026-06-24,funded
app_2c87b27c93f7,brw_cec721950113,medical,6279.12,2026-05-14,offers_declined
app_62dc22a642be,brw_e7d478ba99dc,major_purchase,21235.7,2026-03-19,funded
app_f4b410368ba0,brw_9b8583b56653,debt_consolidation,19140.36,2026-01-08,funded
app_06673e910a6a,brw_6d0d4be2c674,other,14034.23,2026-05-31,offers_declined
app_8653849cddfa,brw_8425012678cd,major_purchase,8900.79,2026-05-11,funded
app_8e35b34d4654,brw_6c7918b42c97,major_purchase,9759.93,2026-07-19,funded
app_57efcfdb72b5,brw_6c7918b42c97,debt_consolidation,8090.28,2025-12-11,funded
app_1bf02bc6fa47,brw_77812406d403,other,14254.83,2025-10-23,offers_declined
app_8e596defbb46,brw_932b8fe1500e,major_purchase,20353.19,2026-09-14,funded
app_05afa54993ac,brw_5d7c8a2fc827,medical,5786.78,2026-08-21,funded
app_5a89db74b5b5,brw_cfb69674c5d3,debt_consolidation,34237.96,2026-07-19,funded
app_8ade0d9d036c,brw_cfb69674c5d3,debt_consolidation,25000.84,2026-08-18,funded
app_c15683c3f699,brw_fdf3db3581e4,debt_consolidation,21750.51,2026-06-22,funded
app_8650adc1aede,brw_503ee5d1c3a5,medical,8720.55,2026-05-06,funded
app_662f6cea810f,brw_607c43a184a2,major_purchase,17132.19,2026-08-30,offers_declined
app_65efa8ab2ccc,brw_6ab5015391c5,medical,2477.2,2026-08-30,funded
app_8dcb6cb61e20,brw_6fffb8257ff3,medical,6250.88,2026-06-08,funded
app_7230a2b7094e,brw_0f206dca4d47,medical,7835.87,2026-08-29,offers_declined
app_8fcbb04423b5,brw_0f206dca4d47,debt_consolidation,29514.25,2026-05-04,funded
app_d7b970aff1c2,brw_2b0b85df191f,debt_consolidation,15085.05,2026-08-20,funded
app_6d3e2c06c56c,brw_4f4bc2baf220,major_purchase,9438.47,2026-05-12,offers_declined
app_8e1dd6e12135,brw_1ebffc383a13,debt_consolidation,29128.42,2026-01-14,offers_declined
app_24033e1101fa,brw_1ebffc383a13,major_purchase,2438.8,2026-07-10,funded
app_d8645bd7f4c8,brw_0ed75b24c9af,home_improvement,3679.77,2026-07-27,offers_declined
app_4966a7a7e54d,brw_f1bda367b8e2,home_improvement,36249.8,2025-09-19,funded
app_50fe0e8f1e51,brw_f1bda367b8e2,home_improvement,11543.72,2026-07-20,offers_declined
app_d61f88cfdcb0,brw_3f91708bb7e8,other,15397.76,2026-08-16,funded
app_bf0ef517210c,brw_aff54c8bfa61,home_improvement,22096.69,2026-07-12,offers_declined
app_e4c7dc712aa4,brw_aff54c8bfa61,debt_consolidation,25751.52,2026-07-18,offers_declined
app_717bf942d7d6,brw_aff54c8bfa61,major_purchase,21841.47,2026-09-17,funded
app_cdd0969d5ca6,brw_746bf50dc2b6,debt_consolidation,17508.71,2026-05-03,funded
app_d2307f59b8a0,brw_9fe0e72e20eb,debt_consolidation,17412.74,2026-06-30,funded
app_1d719d11fab1,brw_9fe0e72e20eb,major_purchase,6883.77,2026-08-05,offers_declined
app_4be7c4718df4,brw_e5bef617885b,debt_consolidation,16257.22,2026-07-27,funded
app_380689f319bc,brw_55c5e1856df2,debt_consolidation,16226.47,2026-07-04,funded
app_90478f32aad3,brw_ebf8b4cd0f67,major_purchase,23574.55,2025-07-29,funded
app_1a88f5ab9a35,brw_ebf8b4cd0f67,major_purchase,14433.27,2026-04-18,funded
app_32b2d64f29b4,brw_532c33fb5ae8,medical,3391.22,2026-07-23,funded
app_8e79717a16cd,brw_a14925c790e2,home_improvement,21005.32,2026-08-31,offers_declined
app_9eedf36d454f,brw_a14925c790e2,debt_consolidation,21800.91,2026-06-07,offers_declined
app_51fec086f705,brw_14043a6a63bc,home_improvement,19812.59,2026-05-25,funded
app_b520d3e9c6ab,brw_14043a6a63bc,major_purchase,9187.49,2026-09-19,funded
app_48a0bf7d101a,brw_ccfd5486584f,other,16369.02,2026-07-27,funded
app_2ca15e2dbd9b,brw_f585e2153caa,other,12315.34,2025-09-04,funded
app_7d7db2320da5,brw_3e87a5621543,debt_consolidation,14470.66,2026-09-11,funded
app_4b2015b37930,brw_3e87a5621543,debt_consolidation,23140.57,2026-07-31,funded
app_71a9938113da,brw_3e87a5621543,debt_consolidation,26001.66,2026-09-03,funded
app_dedddb35edeb,brw_ad7bdcdf39c8,home_improvement,21000.63,2026-08-12,funded
app_9f55e7d99e0b,brw_ad7bdcdf39c8,debt_consolidation,14220.12,2026-08-12,offers_declined
app_df4749ff030c,brw_953e880430f9,debt_consolidation,13216.8,2026-03-09,funded
app_9fd7f5999512,brw_5f4f85b2ddab,debt_consolidation,13128.49,2025-07-16,funded
app_edcb2493d99c,brw_5f4f85b2ddab,debt_consolidation,8303.99,2025-11-15,offers_declined
app_5960ba7ce278,brw_879f3593a9d8,debt_consolidation,26900.53,2026-07-10,funded
app_77d72988a6ad,brw_9cedcf270deb,other,1302.67,2026-05-04,funded
app_24f156024f29,brw_4db7a547f887,medical,10086.54,2026-07-11,funded
app_8e305833961e,brw_4db7a547f887,home_improvement,32596.44,2026-08-07,funded
app_0f121821bd3f,brw_4db7a547f887,home_improvement,13786.12,2026-09-13,funded
app_c09b21849058,brw_42881d861914,debt_consolidation,12812.22,2026-07-30,offers_declined
app_f23fb9a5d9c3,brw_42881d861914,home_improvement,32584.32,2026-07-29,offers_declined
app_7af09c7d2b86,brw_42881d861914,debt_consolidation,5365.72,2026-06-07,funded
app_22599fc11dca,brw_6bf05e224f9f,debt_consolidation,21616.01,2026-09-01,funded
app_692066e7dfba,brw_9b4edeefa0d6,medical,7886.41,2026-05-07,funded
app_7282342ffc51,brw_9b4edeefa0d6,medical,4610.76,2026-07-17,funded
app_d7c19fdfd9c0,brw_ea521312ce22,debt_consolidation,13749.92,2026-07-02,funded
app_0d3b0336ebdf,brw_e86107bd6137,debt_consolidation,29437.22,2025-08-15,funded
app_d3ca8dceb181,brw_901d0818e135,debt_consolidation,15546.01,2025-08-13,offers_declined
app_c60eee28b07a,brw_99048d4e3937,debt_consolidation,13455.7,2026-06-20,funded
app_00939a6141ab,brw_333d98fd235e,debt_consolidation,30660.97,2026-05-18,funded
app_7a7529386b81,brw_ab2bf2e82b37,major_purchase,15653.95,2026-09-13,offers_declined
app_cb658fe74c36,brw_3901623df2e8,debt_consolidation,14436.78,2026-04-24,offers_declined
app_e690d7f02db2,brw_3901623df2e8,medical,2882.84,2026-05-06,funded
app_f37f9351318d,brw_3901623df2e8,debt_consolidation,12901.73,2026-08-01,offers_declined
app_43dd851a7fab,brw_b16b8d6f19bd,debt_consolidation,17844.45,2026-08-07,funded
app_417c35595e11,brw_51c29d362983,home_improvement,14929.59,2026-05-25,funded
app_4157f8187ee8,brw_51c29d362983,medical,9749.49,2026-06-04,funded
app_9ff83383bb12,brw_51c29d362983,debt_consolidation,12751.91,2026-04-28,offers_declined
app_7cd08cb80335,brw_45322a8a1590,debt_consolidation,8668.31,2025-05-14,funded
app_94e1d8af436b,brw_9bf1c3c2d414,medical,13080.6,2026-08-12,funded
app_d7a2d07d1f86,brw_9bf1c3c2d414,debt_consolidation,32293.67,2026-08-13,offers_declined
app_77fe88da94d3,brw_9bf1c3c2d414,major_purchase,18065.09,2026-02-19,offers_declined
app_7e2d2bdba1d4,brw_342752d88919,medical,14151.86,2026-09-19,funded
app_ba171ac309e7,brw_342752d88919,medical,13879.85,2026-08-30,offers_declined
app_f983fa3fa941,brw_593abe1ecf8f,home_improvement,29212.77,2025-08-26,funded
app_beb8113c6345,brw_ee1e300b4ee6,debt_consolidation,19785.19,2026-05-19,funded
app_3ca40ed9d6cd,brw_49fd085330d0,home_improvement,19279.62,2026-09-11,funded
app_a5db2b3d1b87,brw_bb5f0b0a9f60,medical,8991.03,2026-01-27,funded
app_9d188f5d43ed,brw_a755546fc38b,medical,10907.89,2026-07-03,offers_declined
app_0102c04f4cca,brw_b1998ffb1e6c,major_purchase,20435.83,2026-08-04,funded
app_f47ba5850f01,brw_8f3f9632f516,debt_consolidation,17676.09,2026-07-13,funded
app_389392d03ec6,brw_5e881e06e299,debt_consolidation,8228.97,2026-09-18,funded
app_31d397622e1b,brw_87417390f5f5,home_improvement,17614.9,2026-09-14,funded
app_0c7093c37114,brw_87417390f5f5,home_improvement,30049.91,2026-05-21,offers_declined
app_d71de93a7d3c,brw_428b7dca3c82,major_purchase,20394.37,2026-06-11,funded
app_fa8183f4a5ac,brw_428b7dca3c82,debt_consolidation,6909.97,2026-08-23,funded
app_30638bdf2c97,brw_945e8e6958bf,major_purchase,24140.88,2026-06-26,funded
app_5b600889661e,brw_945e8e6958bf,home_improvement,15380.48,2026-04-14,offers_declined
app_0d7dc32d5667,brw_945e8e6958bf,major_purchase,10320.81,2026-07-16,funded
app_9dd5c4cdd495,brw_8591ee8ee6f3,other,12597.62,2026-03-28,funded
app_c5aaaef5a068,brw_ec7b26361e4b,debt_consolidation,21123.0,2026-07-13,funded
app_f3465201a4c9,brw_ec7b26361e4b,debt_consolidation,27105.76,2026-08-01,funded
app_313dea041b54,brw_12ae95140d5a,home_improvement,33652.19,2026-06-10,funded
app_6301164f671d,brw_21eeaf14f810,debt_consolidation,14147.74,2026-01-11,funded
app_11d7dd211e88,brw_49e56b2de967,major_purchase,18265.8,2026-05-13,funded
app_2014fc1d89da,brw_49e56b2de967,major_purchase,9299.8,2026-04-27,funded
app_3a1b207ef411,brw_6aecca1c44e8,medical,14291.0,2026-09-11,funded
app_178a0757cce2,brw_839e82a3f2ca,debt_consolidation,12526.67,2026-02-22,funded
app_7574a577b18a,brw_839e82a3f2ca,other,17687.31,2026-05-09,funded
app_0a54d671d050,brw_839e82a3f2ca,debt_consolidation,33769.78,2025-10-01,funded
app_67ea0acc4a0d,brw_0c34441378d6,debt_consolidation,31301.61,2026-08-28,funded
app_bd0cb64296f4,brw_0c34441378d6,major_purchase,15089.35,2026-08-01,funded
app_123cac35a4f4,brw_066e6413f2a4,debt_consolidation,25405.2,2026-08-24,funded
app_3ff2c8dcb124,brw_96a2c32fd773,other,9052.58,2025-09-11,funded
app_a8f6be090372,brw_96a2c32fd773,debt_consolidation,12150.78,2025-09-22,funded
app_24593c39ad43,brw_96a2c32fd773,debt_consolidation,30430.76,2025-11-28,funded
app_5599a845ae88,brw_a9c13a6529b9,debt_consolidation,22987.28,2026-07-12,funded
app_1836bdcd12ad,brw_0158cfec4e2c,home_improvement,13769.37,2025-12-07,funded
app_a6d6795d976e,brw_5896216bd71f,debt_consolidation,8145.44,2026-07-01,no_offers
app_a77229995777,brw_0410a6a7aec1,home_improvement,28649.16,2025-11-06,offers_declined
app_eea69ba0a2a8,brw_25735c2fb382,debt_consolidation,31481.69,2025-08-18,funded
app_99dccc6bc271,brw_25735c2fb382,home_improvement,5400.3,2026-08-24,funded
app_6cecf80695a2,brw_7b59c8f4b19f,other,6595.84,2026-05-01,funded
app_111b239580db,brw_0427cb9d010b,other,19969.7,2026-09-17,funded
app_b1223a30995d,brw_31a17bb36885,major_purchase,18052.65,2026-09-04,funded
app_4d4d91c6da4c,brw_31a17bb36885,other,4879.89,2026-08-31,funded
app_b899f79bb2e2,brw_9939bb5eb1b6,debt_consolidation,32107.63,2026-05-26,funded
app_bb3e9ae4b1fc,brw_340169dacf54,medical,3514.09,2025-12-24,funded
app_1e17072dc28d,brw_042ea74d9bf8,major_purchase,11123.51,2026-06-08,funded
app_7418e6914942,brw_dbcbcb0c0380,other,4799.73,2026-05-08,funded
app_e9a68cbe6665,brw_dbcbcb0c0380,medical,12418.74,2026-05-19,funded
app_e7df5a507d1a,brw_dbcbcb0c0380,medical,1924.23,2026-03-28,offers_declined
app_9fca01846115,brw_1aefbec6ab99,home_improvement,32276.61,2025-08-12,offers_declined
app_e39b13a215c6,brw_124d5cbeb3f0,debt_consolidation,6622.22,2026-05-05,funded
app_ddf0c29a6323,brw_730e9eb558bc,medical,14314.18,2026-09-19,funded
app_9667c51cdea8,brw_4fc4343ab55f,home_improvement,8653.55,2026-04-17,funded
app_2081b9880289,brw_4fc4343ab55f,home_improvement,27083.53,2026-05-22,funded
app_a0074a5c245c,brw_17210a240029,major_purchase,23259.37,2026-04-08,funded
app_3007d2eafd75,brw_861c1061ab71,medical,2543.34,2026-04-18,offers_declined
app_1191a13c3f95,brw_bbbf8025e282,home_improvement,29833.15,2026-09-17,offers_declined
app_ad2145607882,brw_fe8404d31a66,medical,10243.2,2026-08-23,funded
app_f05f3bc437ce,brw_b5ffd52f58f1,medical,9006.5,2026-09-19,funded
app_814a4a84155b,brw_b5ffd52f58f1,medical,11020.71,2025-08-24,offers_declined
app_26c6998f3d43,brw_3f227f335efd,debt_consolidation,32305.01,2026-09-17,funded
app_eef05a735073,brw_03770812c88b,medical,10640.4,2026-07-12,funded
app_b669d56eb6d6,brw_330681bc60b0,major_purchase,23491.96,2025-11-16,funded
app_4161fb906434,brw_330681bc60b0,medical,5723.74,2025-08-12,funded
app_2a9a483b8fbf,brw_d4440b946823,debt_consolidation,24639.02,2026-04-28,funded
app_ad1e5ee300a5,brw_d4440b946823,home_improvement,19469.38,2025-09-17,offers_declined
app_85663a7bb22c,brw_9c9ca45321c2,major_purchase,24210.66,2026-08-22,funded
app_d0bb93e21e65,brw_9c9ca45321c2,major_purchase,7453.31,2026-08-10,funded
app_9f3a6e6b0f01,brw_1e3fc9a8e197,debt_consolidation,15467.01,2026-04-20,offers_declined
app_a12ac9fca411,brw_1d05a92d4785,medical,2786.01,2026-06-23,funded
app_b13e9922a630,brw_504f357e7e7b,home_improvement,37960.08,2026-07-04,funded
app_35a2b6b9711a,brw_6c3b668c6ef3,home_improvement,28040.64,2026-02-22,funded
app_db0db3a54bb4,brw_91f27fc888ff,home_improvement,37056.98,2026-08-03,no_offers
app_8d5a8335204b,brw_20499cab1ff5,home_improvement,38691.95,2026-08-20,funded
app_1651671fd328,brw_20499cab1ff5,debt_consolidation,5176.73,2026-09-18,funded
app_9393aaa64f62,brw_37e75ec8a4bc,debt_consolidation,15612.13,2026-08-04,funded
app_10f522e7ab50,brw_37e75ec8a4bc,debt_consolidation,19672.04,2026-06-21,funded
app_7cd09dfa23a6,brw_37e75ec8a4bc,debt_consolidation,29895.07,2026-06-13,funded
app_1776c89ca0d0,brw_1cc1968a6927,debt_consolidation,12905.92,2026-08-24,funded
app_3ac5cdae63fc,brw_1bd6fa83dea3,home_improvement,8502.87,2026-05-19,funded
app_e5bc7aef67c5,brw_446d24864dec,debt_consolidation,16521.48,2025-12-27,funded
app_89a25266107b,brw_39fcc0edff36,home_improvement,7770.57,2025-10-15,offers_declined
app_58f8a6a26d5d,brw_953aa59961c3,debt_consolidation,5108.02,2026-07-02,funded
app_0d5a1f82c511,brw_3269831b5d22,home_improvement,26409.27,2026-02-15,funded
app_26c37c2ac7c5,brw_f9a257afd21f,debt_consolidation,23894.02,2025-12-17,offers_declined
app_16279f4015e0,brw_c51c7ba08db6,debt_consolidation,28103.53,2026-08-20,funded
app_c46c1fa1cd21,brw_c51c7ba08db6,other,14003.93,2026-09-01,funded
app_dbaa785f8531,brw_5827d4454be7,major_purchase,5371.55,2026-05-24,offers_declined
app_9f9e3aa4c563,brw_5827d4454be7,major_purchase,10110.0,2026-06-01,funded
app_aa8f024af971,brw_e8e5923e7ccc,home_improvement,22497.0,2026-09-11,funded
app_625f5fcd204f,brw_a431b55b52d0,debt_consolidation,26042.05,2026-06-17,funded
app_90a3e29b6b54,brw_a431b55b52d0,medical,10930.94,2026-08-31,funded
app_1fb00ba5e0d5,brw_bc578446015a,home_improvement,4197.57,2025-07-19,offers_declined
app_51fc629cb501,brw_208ffcced090,debt_consolidation,18893.19,2025-08-23,funded
app_782b5f9b56a6,brw_b71cb565c7e6,home_improvement,20047.42,2025-07-20,funded
app_46585d7e6587,brw_9615cb46c703,debt_consolidation,7189.36,2026-09-08,funded
app_815a8f72fa35,brw_6462b2a21d22,debt_consolidation,11344.79,2026-09-10,funded
app_8fdeacc813e1,brw_6462b2a21d22,debt_consolidation,18759.77,2026-07-13,funded
app_1a62c1f3b07e,brw_a4607c40efd1,home_improvement,26461.97,2026-09-06,offers_declined
app_76bd94b91f89,brw_a4607c40efd1,other,18366.56,2026-03-17,funded
app_b48aa3f88588,brw_27699ef972de,medical,9840.17,2026-02-04,offers_declined
app_7af6e1b0971b,brw_27699ef972de,debt_consolidation,24575.68,2026-06-03,offers_declined
app_0272e8c14b36,brw_42eeda6fe6ef,debt_consolidation,9255.06,2026-08-21,offers_declined
app_fed6e4a03021,brw_7e28ea2aaaa2,other,13533.66,2026-05-17,funded
app_17918b4fc648,brw_4046b6892c9c,debt_consolidation,7759.1,2026-09-18,funded
app_062fadea4ec2,brw_5290484f68ac,major_purchase,8464.9,2026-08-12,offers_declined
app_860d21aca7ae,brw_a8de4d54f209,debt_consolidation,29271.21,2025-09-25,funded
app_f92201ed7afe,brw_df39bce517c9,medical,14863.64,2026-08-04,funded
app_72c5c44569e4,brw_059134c31d36,major_purchase,18657.83,2026-04-13,offers_declined
app_a506455696fd,brw_fc4fc7822591,home_improvement,22305.26,2026-08-14,funded
app_7a119403ae57,brw_fc4fc7822591,debt_consolidation,8136.04,2026-07-29,funded
app_0a4a509c33f3,brw_ab0d98e5c385,home_improvement,11900.81,2025-11-18,funded
app_c0422e8d01d5,brw_5ac0f357b02b,medical,3394.41,2026-07-01,funded
app_03565ed806d5,brw_173118c9e1a6,medical,11287.41,2026-06-07,offers_declined
app_fca6e4b5e742,brw_173118c9e1a6,home_improvement,36271.19,2026-08-21,funded
app_a1d7047ffb96,brw_679293987f44,home_improvement,31448.76,2026-09-07,funded
app_38388a34020b,brw_679293987f44,debt_consolidation,18257.04,2026-07-17,offers_declined
app_0527b074d936,brw_89cface59334,home_improvement,4961.75,2026-08-14,funded
app_88633611d213,brw_3f11c67afba3,debt_consolidation,19511.59,2025-08-28,funded
app_ac07f8c3ce73,brw_b0b164e1726d,debt_consolidation,13502.67,2026-08-13,funded
app_1daf37cb509e,brw_9194607fb37a,home_improvement,16019.08,2026-09-16,funded
app_ed95c126d5df,brw_7e5bc678a78a,home_improvement,4090.0,2026-08-04,offers_declined
app_c96bbe08ec17,brw_7e5bc678a78a,major_purchase,15070.79,2026-06-02,funded
app_1cb8d073eb7e,brw_979b291ee78e,debt_consolidation,15737.16,2026-03-12,offers_declined
app_626f9931b9ab,brw_979b291ee78e,debt_consolidation,7122.89,2025-11-22,funded
app_01625656db0d,brw_979b291ee78e,debt_consolidation,22658.52,2026-03-05,offers_declined
app_7b378e1aa8d3,brw_6dabf6aaaffa,other,15823.96,2026-05-12,funded
app_a60725b05aee,brw_6274321f5d06,medical,5869.26,2026-02-17,funded
app_f3d84e3ddbd3,brw_6274321f5d06,debt_consolidation,16643.32,2026-09-03,funded
app_fc1a6f701ec7,brw_84cf5f32a71b,debt_consolidation,5455.5,2025-11-30,funded
app_39b82ced24c4,brw_84cf5f32a71b,debt_consolidation,33165.03,2026-02-26,funded
app_33bcce9f477a,brw_bb28edcb1b78,debt_consolidation,29680.79,2026-08-26,funded
app_42da72281e6b,brw_5b09b9e805b8,major_purchase,18395.33,2026-08-04,funded
app_201bf6a83f9f,brw_4f2afca08781,home_improvement,7270.43,2025-12-23,funded
app_513110952e20,brw_637be3393829,debt_consolidation,17630.68,2025-12-24,funded
app_4f9a845c2e28,brw_e55c9aeff289,major_purchase,23075.86,2026-09-07,offers_declined
app_f72594d77b38,brw_e55c9aeff289,home_improvement,8217.12,2026-07-06,funded
app_d5d70219d989,brw_dde55b98cdc5,debt_consolidation,33294.87,2026-08-03,funded
app_54a3e093ca4d,brw_086c46fe0dd6,major_purchase,11650.66,2026-07-09,funded
app_ba716882e4d1,brw_086c46fe0dd6,home_improvement,7780.97,2026-04-28,funded
app_f6b8dba8bfc0,brw_086c46fe0dd6,debt_consolidation,8709.28,2025-07-05,funded
app_730eef75075a,brw_5ac657cb05e7,medical,7675.29,2026-05-07,offers_declined
app_d6ead583155e,brw_10e36db311b6,home_improvement,18041.77,2026-09-05,funded
app_91ae4a172d65,brw_b131801c187c,major_purchase,4614.29,2026-05-22,funded
app_6c431f2e25b0,brw_c9a0d0c9cb9b,debt_consolidation,19114.8,2026-06-05,funded
app_f2e542ee0317,brw_2f914377091b,major_purchase,24749.01,2025-09-05,offers_declined
app_d6a1c4454621,brw_7f603e3ff711,major_purchase,14891.17,2026-07-31,funded
app_8fab14f3807e,brw_7f603e3ff711,other,13012.56,2026-09-11,funded
app_38f56b1170ed,brw_381b7753431b,medical,10348.11,2026-08-06,funded
app_df91bf4901ee,brw_381b7753431b,debt_consolidation,15520.54,2026-07-25,offers_declined
app_4fcbc4c32aa1,brw_381b7753431b,debt_consolidation,16235.89,2026-06-17,funded
app_9f8d03bc58d7,brw_744665d749a0,debt_consolidation,13368.9,2026-07-17,funded
app_cf7a26bdee3a,brw_ca556168c35c,home_improvement,35165.18,2026-05-31,offers_declined
app_de3d02963624,brw_05630a35dab6,medical,11837.01,2026-03-16,funded
app_b8a90a07b6c6,brw_05630a35dab6,debt_consolidation,31488.64,2026-08-04,funded
app_c448a30c4207,brw_05630a35dab6,debt_consolidation,27891.33,2026-05-27,funded
app_98d15f438de2,brw_a3b8abb01228,medical,1619.47,2026-01-06,offers_declined
app_a72b45237af0,brw_5635db6b338f,home_improvement,33866.6,2026-06-29,funded
app_31b387458151,brw_56a107e9e9c8,debt_consolidation,12759.47,2025-06-04,funded
app_228f7f8e4b2e,brw_099f64786c57,debt_consolidation,8646.54,2026-05-20,offers_declined
app_bc15c9024ee0,brw_47fb9aaefa76,home_improvement,12031.73,2026-02-23,offers_declined
app_007283294c41,brw_adf5bafb49cb,medical,3575.02,2025-12-04,funded
app_9a5913fd8dd6,brw_adf5bafb49cb,major_purchase,10607.44,2026-04-22,funded
app_d34e33c57bdb,brw_f5a578c1849e,home_improvement,23033.94,2026-07-20,funded
app_974a9895297d,brw_426a6a523abe,debt_consolidation,8318.98,2026-06-15,offers_declined
app_e9591e279bc1,brw_cbef3d53707c,medical,5676.77,2025-08-25,funded
app_1002cee832e2,brw_ad8d216c17b5,major_purchase,5711.72,2026-02-27,offers_declined
app_f5084f71eb29,brw_4cfdacf918ac,other,17783.78,2026-08-18,funded
app_02da0283938e,brw_d25685298fa0,debt_consolidation,25675.82,2026-07-14,funded
app_f3867db43062,brw_d25685298fa0,home_improvement,9305.17,2026-09-08,offers_declined
app_1df9a0e32d87,brw_9fd7d62083b0,home_improvement,16451.73,2026-05-03,offers_declined
app_0f9b83cfd122,brw_0cb9bb659652,debt_consolidation,7501.59,2026-07-26,funded
app_0b7cec6968d1,brw_0ea0db61e9f7,medical,5468.91,2026-01-04,offers_declined
app_3a19f07c8b30,brw_5c170e297105,medical,6509.59,2026-05-29,funded
app_0995a09eb640,brw_496e206fc593,other,12265.87,2026-07-08,offers_declined
app_6fbe4de09a90,brw_7cbaa70a48f9,debt_consolidation,10999.83,2026-08-03,offers_declined
app_c233281fb38a,brw_7cbaa70a48f9,home_improvement,14616.57,2026-09-01,no_offers
app_71ffc76765fb,brw_686ae88db47c,debt_consolidation,19049.79,2026-04-03,funded
app_7248e08e821b,brw_70968f2cee91,other,19235.98,2026-01-20,funded
app_1825d8e57e2c,brw_376ec097f70c,medical,4876.11,2026-09-15,funded
app_8b88bb9e739a,brw_376ec097f70c,major_purchase,2627.82,2026-05-18,funded
app_6dba291e77e7,brw_68eb90711621,major_purchase,11985.42,2026-06-24,offers_declined
app_b5bd87802454,brw_e342f156c39e,debt_consolidation,27195.48,2026-07-29,offers_declined
app_4a0e4e8975d3,brw_1bec4cf7c347,debt_consolidation,11122.31,2026-04-17,funded
app_4dafad6d9f61,brw_49b206a03026,debt_consolidation,23098.13,2026-08-17,funded
app_46478ba4ea83,brw_49b206a03026,debt_consolidation,16243.12,2026-03-12,offers_declined
app_c24a6e877e2e,brw_16e1af7cc4ed,other,9610.68,2026-07-26,funded
app_51bc82e5c0df,brw_55b6b5437ca1,home_improvement,16095.65,2026-04-18,funded
app_143ec8a2fa1f,brw_55b6b5437ca1,major_purchase,5226.98,2026-03-14,offers_declined
app_b35175efea2a,brw_819025a1e999,debt_consolidation,18995.77,2026-06-16,funded
app_343a6ec3007d,brw_92e49df3b848,medical,12708.15,2026-06-05,funded
app_809fe1756892,brw_a27056fab7a0,medical,7450.4,2026-09-01,funded
app_5e77da3abcf1,brw_3e27fa771422,debt_consolidation,14175.05,2026-03-19,funded
app_fa4f5daed7e6,brw_9460853b2cc4,debt_consolidation,11744.75,2026-04-08,funded
app_e2de2994a695,brw_2e2ddea860ab,home_improvement,39939.79,2026-09-11,offers_declined
app_88b468c3a363,brw_2e2ddea860ab,medical,6103.2,2026-09-01,funded
app_ef239bbe8168,brw_ac97d5bf8e7a,major_purchase,15894.11,2026-07-15,funded
app_5c056ef954d3,brw_5d724cb0b9a9,other,5088.88,2026-08-12,funded
app_8ee372a251da,brw_baafc71bc0ba,debt_consolidation,17227.23,2026-08-28,funded
app_c5ff29ef693c,brw_afe80bb116a6,other,12394.65,2026-08-11,offers_declined
app_8fc93270f496,brw_dec34408805c,major_purchase,20033.44,2026-06-10,offers_declined
app_bffe95c4ca95,brw_dec34408805c,home_improvement,22681.25,2026-06-18,offers_declined
app_85ffe766ee1c,brw_dec34408805c,debt_consolidation,29937.72,2026-08-26,offers_declined
app_c8bfcd177838,brw_c3aeccd4db1e,home_improvement,21325.18,2026-05-26,funded
app_278d3df59f3b,brw_c3aeccd4db1e,home_improvement,11250.06,2026-06-02,funded
app_41964332e8f0,brw_9174a3d870bc,major_purchase,7768.45,2026-08-31,funded
app_b0f6e7348e04,brw_9174a3d870bc,debt_consolidation,8113.78,2026-08-22,offers_declined
app_6019132dbda0,brw_9174a3d870bc,debt_consolidation,24112.8,2026-08-28,funded
app_7a2c4f06ddc1,brw_2388f2ee2b68,home_improvement,38076.19,2025-04-09,funded
app_9255d45c6f46,brw_66ebd6d20b97,debt_consolidation,14494.72,2026-02-16,funded
app_8465ef0fab58,brw_241e2c3a8bdf,debt_consolidation,8044.98,2026-02-03,funded
app_cf22d61975f9,brw_34770d4741b1,medical,1277.99,2025-08-28,funded
app_c67a2c5fb4d1,brw_34770d4741b1,home_improvement,31111.31,2025-11-29,funded
app_c2001eb937e7,brw_34770d4741b1,major_purchase,2529.17,2026-07-29,funded
app_c2eae6296afb,brw_d5503d90d724,debt_consolidation,10275.53,2026-09-06,funded
app_545fdf460935,brw_75faa4781506,debt_consolidation,28141.58,2026-07-16,funded
app_8afb7a3c9c01,brw_27e5750eaf61,home_improvement,17265.87,2026-03-07,offers_declined
app_16e40bd67dd5,brw_003712a6c72a,debt_consolidation,14698.48,2025-12-01,funded
app_4a290213c10a,brw_da52f37e5049,home_improvement,36675.41,2026-07-30,funded
app_32a91f9966f2,brw_7671dbf3a4f2,medical,13606.03,2026-05-15,offers_declined
app_c5d7fa47f2cc,brw_f0e3cdf91f6c,major_purchase,24838.53,2026-03-09,funded
app_a6ecc6cb6f4d,brw_480de4e81ec9,debt_consolidation,14796.14,2026-07-27,funded
app_cc687c88a860,brw_480de4e81ec9,debt_consolidation,24342.76,2026-08-10,funded
app_97f275380e45,brw_480de4e81ec9,debt_consolidation,13561.45,2026-08-31,funded
app_a37c9057e228,brw_fcd604c10197,major_purchase,21611.67,2026-05-20,offers_declined
app_aa6ba72409aa,brw_2d08a4e353d6,medical,14051.44,2025-11-06,funded
app_6509c54fa9b2,brw_a5dbe04376c0,other,4573.33,2026-02-14,funded
app_66566479ea2f,brw_b9274b1a08bf,debt_consolidation,15249.5,2026-08-29,funded
app_61926025db0b,brw_c299d404faeb,home_improvement,32485.78,2026-08-24,offers_declined
app_adab135b5ce8,brw_04eb4b6050bb,debt_consolidation,8632.27,2025-06-25,funded
app_03a7b394a3b0,brw_15690bcf1d11,medical,9219.75,2026-07-19,no_offers
app_73f0b3337f93,brw_15690bcf1d11,other,8219.38,2026-09-07,no_offers
app_1f2ee8ff6288,brw_1562bb991edf,medical,2161.51,2025-12-19,funded
app_a824c1b39ad4,brw_c69ed31ff87b,debt_consolidation,9643.89,2026-06-19,funded
app_32dd0339346d,brw_6a406105f5d0,debt_consolidation,33459.86,2026-02-15,funded
app_38605e215c05,brw_a85be1be13ca,major_purchase,5344.26,2025-08-22,offers_declined
app_82e4f86cd35c,brw_10610b6a3608,home_improvement,7711.07,2026-08-10,funded
app_847b6d5133fc,brw_22e24410421e,debt_consolidation,16798.02,2025-12-06,funded
app_90d0624afc05,brw_22e24410421e,major_purchase,13906.45,2026-02-22,funded
app_bddfd0f6dde5,brw_2b649ba195e2,medical,4790.37,2026-04-21,funded
app_3239248afed9,brw_d1d4f709e167,debt_consolidation,9191.82,2026-04-01,funded
app_e8089f2ff953,brw_c45ebe1eac5b,other,14671.87,2026-08-04,funded
app_55aa3986a8d7,brw_2133ecbe5bd9,debt_consolidation,18785.2,2026-04-22,funded
app_981dcc8f3bfc,brw_bd2ce61fadcc,debt_consolidation,14426.35,2026-06-10,funded
app_9547341e8c96,brw_e200f3a60ef7,debt_consolidation,32347.96,2026-07-08,offers_declined
app_af597b1a5da2,brw_1b1620dc0f9f,debt_consolidation,25859.38,2025-09-23,funded
app_056418d9054f,brw_a7a2b78f1b5a,medical,12851.52,2025-06-11,funded
app_42b27e23f9a0,brw_db569c54b672,major_purchase,12348.63,2026-07-26,offers_declined
app_15ff739d07e6,brw_b87d03ae9cb9,debt_consolidation,15516.65,2026-06-08,offers_declined
app_9af47de2c7d7,brw_b87d03ae9cb9,debt_consolidation,18151.94,2026-08-21,offers_declined
app_81e55a38d3eb,brw_b87d03ae9cb9,home_improvement,23273.24,2026-05-30,funded
app_e4c090b1563f,brw_95c3f1744b1d,home_improvement,14066.13,2026-01-16,funded
app_1f0502a7dbda,brw_95c3f1744b1d,debt_consolidation,10327.19,2025-07-12,offers_declined
app_a29f7e640ea6,brw_ff6fad1a41ce,medical,7335.12,2026-08-29,funded
app_f54320c85995,brw_ff6fad1a41ce,debt_consolidation,12177.62,2026-08-29,funded
app_ffc5573467b0,brw_eaadd51fca5d,major_purchase,21839.21,2026-07-21,offers_declined
app_997550aaabb5,brw_eaadd51fca5d,debt_consolidation,28496.2,2026-05-28,funded
app_fdb41c619518,brw_d3b84195951b,home_improvement,18461.2,2026-01-18,funded
app_e4e4da6bcbf8,brw_d3b84195951b,major_purchase,11596.64,2026-06-06,offers_declined
app_f73903bed2c2,brw_d3b84195951b,debt_consolidation,34666.05,2026-09-11,offers_declined
app_d4565cab661e,brw_258f4b737076,other,3154.04,2026-09-06,offers_declined
app_6b2354733736,brw_03ae3e99c7cc,major_purchase,14542.0,2026-08-13,funded
app_db0df8ebf034,brw_e47bc70ce610,home_improvement,20886.66,2026-03-22,funded
app_c78f26488f92,brw_27b2a16aa030,other,17378.13,2025-10-17,funded
app_ce382978ecd3,brw_cde5129737de,debt_consolidation,14251.55,2026-05-05,funded
app_08d2acd1f059,brw_cde5129737de,major_purchase,19302.94,2026-02-26,funded
app_efb6bdbb1a9b,brw_cde5129737de,debt_consolidation,20689.25,2026-05-16,funded
app_2aaee9b36677,brw_7853b5fdc0c4,major_purchase,15344.69,2026-08-10,funded
app_ed8e3add1ba7,brw_7853b5fdc0c4,debt_consolidation,17998.8,2026-07-24,offers_declined
app_b96af6ac8fb1,brw_5ab9f63fa801,debt_consolidation,12328.83,2026-03-06,funded
app_b0a7895cde22,brw_8a8b7aa5b349,major_purchase,9468.45,2026-03-26,funded
app_274c37df8718,brw_708fadd612a7,debt_consolidation,8563.37,2026-09-04,funded
app_125f58fa017d,brw_b4f192e50eb7,debt_consolidation,9708.62,2025-12-14,funded
app_4239171eabf9,brw_b4f192e50eb7,major_purchase,8121.22,2026-08-31,offers_declined
app_08dc6ca42198,brw_fe71255e8536,debt_consolidation,24489.66,2026-06-08,funded
app_a0bcc5282647,brw_d5c8f6e6c239,debt_consolidation,30416.78,2026-08-13,funded
app_4c5ec26b722a,brw_03ad59ca9bb3,medical,5020.57,2026-08-22,offers_declined
app_f69b8339fa66,brw_e0f2c2ab2b45,major_purchase,4858.08,2026-03-14,funded
app_82bd4e2337b1,brw_e0f2c2ab2b45,debt_consolidation,5621.28,2026-04-23,offers_declined
app_9d1551307312,brw_01bd07c9937e,home_improvement,16654.76,2026-07-12,funded
app_4edd252194bc,brw_3cbbc99f1d6c,home_improvement,17604.64,2026-09-18,offers_declined
app_e5fa18c52991,brw_f4a9c583458a,other,12625.63,2025-03-30,offers_declined
app_97164df091c1,brw_f4a9c583458a,home_improvement,15379.77,2025-02-03,funded
app_4a86e1cffb38,brw_7442ba90f5ff,home_improvement,24276.04,2026-09-16,funded
app_278af3b1157c,brw_7442ba90f5ff,major_purchase,2413.28,2026-08-22,funded
app_6762c267afa1,brw_50417141baad,home_improvement,4975.81,2026-08-26,offers_declined
app_ca881babb79f,brw_8d9cc9143abf,other,5715.82,2026-09-04,funded
app_536205c00383,brw_b18dcd420b11,debt_consolidation,31911.97,2026-05-23,funded
app_f9dbc48e9670,brw_b18dcd420b11,home_improvement,16272.72,2026-04-23,offers_declined
app_973e7d3296ac,brw_9242c4791e0b,home_improvement,4500.8,2025-10-15,funded
app_3570a92d693b,brw_9242c4791e0b,other,8128.64,2025-02-28,funded
app_94a3de198503,brw_8693944b31e4,home_improvement,12994.5,2026-01-29,funded
app_4b089bb44a3d,brw_8693944b31e4,debt_consolidation,18615.99,2026-01-16,offers_declined
app_2faac2273d3e,brw_649f71ec13ba,other,5493.64,2025-10-23,funded
app_4c577c694684,brw_0e02f5285e45,major_purchase,14405.28,2025-09-22,funded
app_bb0ce92eaa56,brw_0e02f5285e45,other,10847.27,2025-09-24,funded
app_f7883e58f649,brw_7a1dc1b208c6,other,18804.12,2026-06-29,offers_declined
app_49ccb31ec830,brw_7a1dc1b208c6,major_purchase,16023.79,2026-05-08,funded
app_d4343810e061,brw_3d8a5bc7d864,major_purchase,14239.24,2026-06-17,offers_declined
app_63396ab04723,brw_3d8a5bc7d864,major_purchase,6475.06,2026-07-11,funded
app_fb88b9defc45,brw_3d8a5bc7d864,debt_consolidation,10824.79,2026-07-16,offers_declined
app_f3d934de949b,brw_599484fa9b97,debt_consolidation,15615.79,2025-06-05,funded
app_ce2bce97d391,brw_c43e524e0531,major_purchase,20114.98,2026-08-22,funded
app_ecd3e7d16434,brw_c43e524e0531,home_improvement,23555.2,2026-05-31,funded
app_9e25a1c329d2,brw_c43e524e0531,debt_consolidation,9296.38,2025-09-13,funded
app_3ba0af27be2c,brw_b7a872cce85a,debt_consolidation,29500.04,2026-09-02,offers_declined
app_f892e0f31155,brw_b10c7add2267,other,18595.66,2026-08-13,funded
app_8fed81c7b7d0,brw_b10c7add2267,major_purchase,15285.01,2026-08-18,funded
app_432aad80bb32,brw_94c51a5a90de,debt_consolidation,24122.81,2026-06-26,funded
app_2f95d9e43acb,brw_94c51a5a90de,debt_consolidation,31035.71,2026-08-27,offers_declined
app_679aa8e51148,brw_9b3a0d47f014,debt_consolidation,23689.22,2025-07-25,funded
app_712be1217148,brw_9b3a0d47f014,major_purchase,7263.85,2024-11-30,funded
app_fe5035d6a436,brw_2777999c4981,other,4013.37,2026-01-05,funded
app_9d72be03de78,brw_17d8e8dba0f3,major_purchase,23752.71,2026-03-10,funded
app_0e49eb7deb95,brw_2f7517a71d40,medical,4451.04,2026-04-30,offers_declined
app_d41eb1872c5d,brw_3d0b5ae145f8,major_purchase,3815.47,2026-06-15,funded
app_a0508cc192ff,brw_3d0b5ae145f8,debt_consolidation,18407.94,2026-09-15,funded
app_1d8e7085183f,brw_4e7750171ac8,debt_consolidation,34924.55,2025-10-16,funded
app_d4957154717b,brw_24592950f550,debt_consolidation,27109.04,2026-07-05,offers_declined
app_e4139aa80bbe,brw_24592950f550,debt_consolidation,19018.05,2026-02-03,funded
app_df3cf842177b,brw_00a85eb0cd6b,debt_consolidation,18333.7,2025-11-07,offers_declined
app_686318b17327,brw_00a85eb0cd6b,major_purchase,8994.62,2026-04-03,funded
app_6fef1079b507,brw_00a85eb0cd6b,major_purchase,7968.52,2025-10-12,funded
app_58a64f8af953,brw_273dc22d4770,major_purchase,17509.83,2026-08-08,offers_declined
app_a6d4d397fb8f,brw_273dc22d4770,home_improvement,33898.2,2026-09-01,offers_declined
app_95927e23e4f3,brw_273dc22d4770,other,8508.58,2026-06-21,funded
app_b931c4fd4388,brw_65026c490325,other,6289.92,2026-05-04,funded
app_03436ae5e4e7,brw_65026c490325,home_improvement,37007.32,2026-04-17,funded
app_8c8c55a4f1bf,brw_65026c490325,medical,4479.74,2026-02-15,funded
app_b8079df7dffa,brw_27cf77636472,medical,7203.34,2026-08-02,funded
app_14609fd7981c,brw_7ee832d1003f,debt_consolidation,7371.95,2026-09-15,funded
app_4abadaf94106,brw_a22b242688bb,debt_consolidation,26913.41,2026-07-14,funded
app_5a24a322e3ce,brw_25f94e262d9f,debt_consolidation,24566.21,2026-08-17,funded
app_b50282d0c044,brw_53043bdfb7fc,debt_consolidation,29978.12,2025-10-21,funded
app_fb34ec1dec10,brw_f2dfde0b5ef7,debt_consolidation,32150.09,2026-07-01,funded
app_f8367d2ba4d0,brw_d9b256bdbf09,major_purchase,22217.19,2025-11-23,funded
app_3656f946595c,brw_d9b256bdbf09,home_improvement,5254.07,2026-09-03,funded
app_029144ded670,brw_b0cd8120eb25,medical,4335.74,2026-01-23,funded
app_b8bab20e8167,brw_858bf16c4382,major_purchase,23255.54,2026-07-14,offers_declined
app_bb84cd57c042,brw_858bf16c4382,debt_consolidation,28905.79,2026-04-21,funded
app_a52f4c5155a3,brw_858bf16c4382,major_purchase,9622.37,2026-06-24,funded
app_5534d199ee56,brw_3296b33514e9,major_purchase,14458.04,2025-11-09,funded
app_9fafeacaabd9,brw_3296b33514e9,debt_consolidation,18773.4,2026-01-29,funded
app_abfb6095928b,brw_3296b33514e9,debt_consolidation,22740.86,2025-11-24,offers_declined
app_30aa9c676297,brw_4f18f97f9df8,medical,14487.49,2026-01-07,funded
app_a54f9796c4e5,brw_4f18f97f9df8,home_improvement,39841.02,2026-08-27,funded
app_970b9693bd35,brw_7c7bcafeabea,debt_consolidation,26633.58,2026-09-06,funded
app_c01c556bc127,brw_7c7bcafeabea,debt_consolidation,10577.89,2026-09-12,funded
app_5f43b19a039a,brw_7c7bcafeabea,home_improvement,24204.12,2026-08-11,funded
app_f020793d81a8,brw_4eb906c4a586,medical,4822.12,2025-10-05,funded
app_f79ce55bb39e,brw_524a6c73c2e9,debt_consolidation,18469.57,2026-05-14,funded
app_43bb164dcbf2,brw_524a6c73c2e9,debt_consolidation,32597.51,2026-06-30,offers_declined
app_58cb7ce13f90,brw_524a6c73c2e9,other,12818.77,2026-07-14,funded
app_cb1c672d25ca,brw_978569c1a161,other,1247.92,2026-08-02,funded
app_f1004fb92066,brw_978569c1a161,debt_consolidation,11538.99,2026-04-04,funded
app_59224921c7c0,brw_978569c1a161,major_purchase,11700.36,2026-09-09,offers_declined
app_d6451d82183d,brw_d86c24da8298,medical,13000.94,2026-09-13,funded
app_48a54fdd3100,brw_d86c24da8298,debt_consolidation,29034.59,2026-06-04,funded
app_fb19fbd01e8b,brw_d86c24da8298,home_improvement,20406.47,2026-06-23,offers_declined
app_8998156dfdfd,brw_4b8ab17d0ef1,home_improvement,39830.87,2026-02-12,funded
app_f851b922bacd,brw_cd6845fd2e4d,debt_consolidation,28791.42,2026-08-12,offers_declined
app_c8e9d27189c6,brw_cd6845fd2e4d,home_improvement,17499.64,2026-08-13,offers_declined
app_5caca72904c0,brw_2f4fa607e102,medical,7040.79,2026-04-27,offers_declined
app_f752afa0dd87,brw_a393d9055951,medical,7901.89,2026-07-23,no_offers
app_a04b7ee28f05,brw_44f71dcfdd77,home_improvement,18079.86,2026-07-13,offers_declined
app_494598496659,brw_f99bce39e808,home_improvement,16536.24,2025-05-13,funded
app_b7acec62619e,brw_e9a48b31aee7,home_improvement,37881.43,2026-03-11,funded
app_d538197ce361,brw_8550d7b9e615,other,6048.21,2026-09-15,offers_declined
app_7845a5d780ad,brw_2f1f28e22098,debt_consolidation,24368.5,2026-02-14,funded
app_78ec4c4bc521,brw_2f1f28e22098,home_improvement,9053.22,2026-03-31,funded
app_3d944e640180,brw_51908306b2fb,other,2194.75,2026-07-03,funded
app_e648a968e36e,brw_51908306b2fb,medical,6470.72,2025-09-14,funded
app_ad0baaad77df,brw_a149c74ae90b,other,11473.31,2026-01-29,funded
app_7f6331b4a8c7,brw_c073a0819ee6,home_improvement,26388.44,2026-06-22,funded
app_165bbefaf019,brw_c073a0819ee6,major_purchase,3533.39,2026-09-09,funded
app_bf44df2c5424,brw_43001b21005f,home_improvement,19681.79,2026-05-31,offers_declined
app_5a6bb8d344ff,brw_a8487c0b361a,home_improvement,27973.15,2026-06-07,offers_declined
app_2675655056d6,brw_545b594f02b3,debt_consolidation,23078.54,2026-07-03,funded
app_1ab7aab12ceb,brw_545b594f02b3,medical,8857.67,2026-05-20,funded
app_055a0023bb62,brw_29befa33f1b8,debt_consolidation,31481.96,2026-08-23,funded
app_2b4438dc292a,brw_29befa33f1b8,medical,3889.18,2026-08-29,funded
app_64871163148d,brw_29befa33f1b8,major_purchase,23668.2,2026-07-09,funded
app_5b715d021932,brw_a37000a87cb0,major_purchase,23729.25,2025-11-19,funded
app_ed8a928a8121,brw_a37000a87cb0,debt_consolidation,8108.34,2025-09-07,funded
app_64799b72c450,brw_394e08a858c3,debt_consolidation,31917.17,2026-09-16,offers_declined
app_8cf71fe799be,brw_dad1c3fd1f44,major_purchase,8822.34,2026-04-30,funded
app_a26abc4c9bbb,brw_a38180584a6a,home_improvement,3692.51,2026-05-05,funded
app_57c12ed1a409,brw_60004dafe93b,debt_consolidation,21096.85,2025-02-02,funded
app_d0f220882922,brw_60004dafe93b,major_purchase,2214.34,2026-09-04,funded
app_5b293b188556,brw_cc09e81e8672,major_purchase,9249.34,2026-07-01,offers_declined
app_81d6d368d279,brw_ff1bf571f657,debt_consolidation,18626.57,2026-09-18,offers_declined
app_8817a72285e0,brw_ff1bf571f657,debt_consolidation,16826.09,2026-09-08,offers_declined
app_fb1e23b6728a,brw_ba0a5b240abf,debt_consolidation,34148.73,2026-02-27,funded
app_f59098007efe,brw_b690cd88e7ac,home_improvement,12644.9,2026-02-08,offers_declined
app_46827d1d65d8,brw_45e4a9e5f1c5,home_improvement,36439.63,2026-05-13,offers_declined
app_cf62825e921a,brw_fbb3c6e420d1,home_improvement,3648.86,2026-05-28,funded
app_45f357b21c07,brw_7efce1eef1b8,home_improvement,9377.34,2026-07-26,funded
app_85d2f39412e3,brw_7efce1eef1b8,home_improvement,11252.31,2026-08-02,funded
app_d49a7d9b8836,brw_bbf86f92784b,home_improvement,21920.39,2026-06-09,offers_declined
app_a0e82ec9cbdb,brw_bbf86f92784b,medical,8341.84,2026-08-12,offers_declined
app_03ffa01d3048,brw_952bb29352ad,debt_consolidation,30881.03,2026-07-07,funded
app_5468cd9f3d3b,brw_952bb29352ad,medical,3639.73,2026-07-17,funded
app_a140285e00aa,brw_ba66af0fe1bf,home_improvement,17258.49,2026-09-13,funded
app_ea17d3b4e312,brw_ba66af0fe1bf,debt_consolidation,6303.46,2026-07-16,funded
app_95b22b813339,brw_42523e28bef1,debt_consolidation,23502.28,2026-02-21,funded
app_19a18e224147,brw_15a3b83cf172,debt_consolidation,23520.28,2026-06-16,offers_declined
app_fc2d1585129f,brw_f3f966929292,other,3247.08,2025-12-17,offers_declined
app_c9319c0571a2,brw_f3f966929292,debt_consolidation,34527.44,2026-04-12,funded
app_8b8ea4698364,brw_b5f750cd4db9,medical,6802.24,2026-06-25,funded
app_2eb91fac033e,brw_b5f750cd4db9,debt_consolidation,15325.79,2025-11-25,funded
app_cf6c2c9f290b,brw_b34a2785aafb,major_purchase,20808.97,2026-06-02,funded
app_e0bbf41381b8,brw_b78c639ae192,home_improvement,20142.63,2025-05-22,offers_declined
app_d313436d3b08,brw_eaa9fd1719d5,debt_consolidation,28684.12,2026-06-01,funded
app_aec3e2750f8b,brw_fbf0628989e1,medical,12280.88,2025-11-20,offers_declined
app_8d1734988064,brw_fbf0628989e1,debt_consolidation,16881.61,2025-11-18,funded
app_b05d7689fbdb,brw_fbf0628989e1,medical,6734.38,2025-06-29,offers_declined
app_c71da91d3137,brw_87c3b5a3e568,home_improvement,24127.54,2025-11-04,funded
app_b80591698146,brw_87c3b5a3e568,debt_consolidation,20864.49,2026-07-13,funded
app_d808e90643b6,brw_f2be2d02ae42,major_purchase,20280.52,2026-06-01,funded
app_0083a7a37ae7,brw_f2be2d02ae42,major_purchase,12241.78,2026-06-18,funded
app_b1c207956571,brw_f2be2d02ae42,home_improvement,7496.9,2026-05-12,funded
app_eae8444c239b,brw_d72413e86175,debt_consolidation,26439.01,2026-04-11,funded
app_338a9db8dc5a,brw_aeb2be592eab,debt_consolidation,28954.37,2026-03-17,funded
app_bac9d939b49f,brw_380a7741d469,debt_consolidation,13705.32,2026-06-03,funded
app_559263eedfa3,brw_380a7741d469,other,1711.99,2026-08-08,offers_declined
app_62e4299c7096,brw_fd77cd9ad79f,medical,4774.71,2026-08-30,funded
app_6b8fe077ad11,brw_fd77cd9ad79f,debt_consolidation,12976.46,2026-08-21,offers_declined
app_41ce7dfe2f3f,brw_fd77cd9ad79f,major_purchase,19610.33,2026-04-30,funded
app_966b27742bab,brw_5c6630d007e4,debt_consolidation,20359.08,2026-08-11,funded
app_43915d69fbcc,brw_3a2d1fa83e91,debt_consolidation,21525.15,2026-07-26,funded
app_90ef41c9d516,brw_0919197d2089,debt_consolidation,14164.36,2026-01-27,funded
app_b57cf77b351d,brw_b863cd470c51,home_improvement,3369.13,2026-07-07,offers_declined
app_71afd68d8b5f,brw_b991a626ee15,debt_consolidation,6613.81,2026-07-20,funded
app_3d29fa9c9b92,brw_a0e1873093f8,home_improvement,19504.87,2026-05-26,offers_declined
app_4edcde76ecd1,brw_9f7f0ceb1ccf,home_improvement,22826.84,2026-08-27,funded
app_8fc34e6c5dbb,brw_9f7f0ceb1ccf,medical,14308.17,2026-01-02,funded
app_fbb529a0cbee,brw_7b227f1bcc89,debt_consolidation,33648.35,2025-09-09,funded
app_ec220302f6c9,brw_0ebe347040aa,other,17465.41,2025-08-31,funded
app_d4fe87d8525e,brw_1f4252eb6383,home_improvement,12264.17,2026-08-20,offers_declined
app_7b1670e26c59,brw_83cd4691f059,debt_consolidation,20926.35,2026-01-29,funded
app_ce837963a149,brw_deaafb42338e,medical,1752.95,2026-09-06,funded
app_421d0cb9f6eb,brw_d9de787b6949,major_purchase,7160.93,2026-07-21,no_offers
app_9a3ff266424f,brw_d9de787b6949,debt_consolidation,26762.18,2026-04-22,funded
app_d3369efcdfad,brw_d72393eb5d1a,debt_consolidation,7643.38,2025-06-07,offers_declined
app_79a814a139d7,brw_d72393eb5d1a,other,19171.46,2025-10-14,offers_declined
app_065dae277eda,brw_ab4bf7a5ad1d,major_purchase,11954.94,2026-04-10,funded
app_cd32bd55f387,brw_71ad3f4c5b47,medical,13126.4,2026-04-18,offers_declined
app_7d65a404bf0a,brw_12ffdf970368,medical,12593.01,2026-09-04,funded
app_3cfc418f4ba3,brw_1501a888ecd5,home_improvement,5850.53,2026-02-13,offers_declined
app_704ac4956557,brw_1501a888ecd5,medical,13141.2,2026-07-03,funded
app_c588be2b7d02,brw_8234275f94e1,other,3937.95,2026-08-09,funded
app_42d7e5bf3c72,brw_8234275f94e1,debt_consolidation,28040.97,2026-06-25,funded
app_90d8933b1ece,brw_614582319b10,home_improvement,34032.99,2025-12-05,no_offers
app_736a45cc829d,brw_2d2776f61a39,medical,1135.05,2025-06-17,offers_declined
app_84e9ab9a1a8d,brw_ad6bdff365b2,home_improvement,28709.01,2026-05-17,offers_declined
app_78b92a7126ff,brw_0ee46a5e6988,debt_consolidation,7721.46,2026-01-22,funded
app_711e1e5e41f6,brw_0ee46a5e6988,home_improvement,36832.58,2026-03-08,offers_declined
app_a5bb5389fb88,brw_316ba696a557,medical,1513.5,2026-01-18,funded
app_d631bb0376ee,brw_c1fed276751b,home_improvement,38775.12,2026-08-09,offers_declined
app_6ce8611f7659,brw_c1fed276751b,debt_consolidation,28646.2,2026-08-12,funded
app_cbbd0045eef2,brw_c1fed276751b,major_purchase,14120.28,2026-08-11,funded
app_de80e5455331,brw_35c6eff43b5d,debt_consolidation,13046.15,2026-04-19,funded
app_a57c60616a90,brw_1f2474d7441d,major_purchase,2320.03,2026-06-24,offers_declined
app_787df275692f,brw_1f2474d7441d,debt_consolidation,13389.89,2025-12-08,funded
app_57c0be2b12bd,brw_1f2474d7441d,major_purchase,3368.49,2026-06-21,offers_declined
app_42426c59f04f,brw_067f99b81c1c,home_improvement,9138.45,2026-08-06,no_offers
app_d4068038eeac,brw_ded5d897e25e,debt_consolidation,21266.42,2025-06-12,offers_declined
app_666b51af0668,brw_ccca58ecaee2,debt_consolidation,12388.69,2026-01-02,funded
app_caba50c0d3fc,brw_a927df9ceac6,major_purchase,4080.71,2026-08-23,offers_declined
app_ddc469a30fb8,brw_ed52cb69dbe2,other,7496.06,2026-06-21,funded
app_e9a56363f136,brw_1b83705d8c3b,debt_consolidation,10731.56,2026-07-15,funded
app_6fd5dfe04693,brw_b309820eaf4b,medical,4307.74,2026-02-09,funded
app_0dcf0349365f,brw_9ee6822bf314,home_improvement,27623.95,2026-08-17,funded
app_8ea746b92b6c,brw_a376fe755b0a,other,2656.6,2025-10-01,funded
app_1dd5cd4b3816,brw_a376fe755b0a,major_purchase,16881.37,2026-01-28,funded
app_1bf1c5f51f52,brw_500a7f0957ef,medical,7102.97,2026-05-29,funded
app_94265785dc8b,brw_500a7f0957ef,debt_consolidation,8339.72,2026-09-08,no_offers
app_ed1d50bc5dfc,brw_d5a9ed7a0d69,debt_consolidation,33105.7,2026-07-13,offers_declined
app_2b580ae6576c,brw_d5a9ed7a0d69,medical,13016.87,2026-07-07,funded
app_c4c30e4c9afb,brw_a8267ecac290,debt_consolidation,5362.64,2026-06-20,funded
app_33f33b353806,brw_a8267ecac290,medical,13545.36,2026-09-06,offers_declined
app_450fd4820f96,brw_c00ee39578c0,major_purchase,7241.55,2026-09-09,funded
app_2b398b258f8e,brw_f65d55e7345b,debt_consolidation,17441.3,2026-05-16,funded
app_15f90cc81bee,brw_9c8b7e1c0bec,home_improvement,19382.93,2026-08-13,funded
app_41066a4ca31f,brw_f60627c27799,medical,14351.53,2026-09-06,funded
app_7a82700c8aae,brw_607fd4f718f6,home_improvement,13283.63,2026-08-03,offers_declined
app_d4254ea5b905,brw_8c8edf0ee32f,major_purchase,13753.05,2026-09-10,funded
app_e65ddaf124a0,brw_8c8edf0ee32f,debt_consolidation,33376.08,2026-07-24,funded
app_afa3b861ebe8,brw_ba84770bacee,medical,6921.75,2026-07-30,funded
app_d64975bfb4f4,brw_7f4ac261bc86,debt_consolidation,9869.19,2026-07-22,funded
app_bd66571348c3,brw_7f4ac261bc86,home_improvement,34094.81,2026-09-03,funded
app_a829e21c5de9,brw_236698f4c1c0,debt_consolidation,9973.57,2026-09-15,funded
app_f11ae5272f36,brw_7675ea15939d,home_improvement,35010.97,2026-06-07,funded
app_519b9ddace68,brw_64b1104f2543,home_improvement,23868.85,2025-10-19,funded
app_e47c420b1196,brw_64b1104f2543,home_improvement,32614.79,2026-03-15,funded
app_ceeffdb6ea81,brw_e29dc83e93a0,home_improvement,3102.79,2026-07-09,funded
app_b9788939337f,brw_e29dc83e93a0,debt_consolidation,6554.89,2026-08-19,funded
app_6ca95484788b,brw_6fdcd368fc2d,debt_consolidation,18456.62,2026-03-24,funded
app_aadd83eaea66,brw_6fdcd368fc2d,major_purchase,24424.73,2026-07-29,funded
app_54f2fbae7dd7,brw_9dbf0f3cdcb9,home_improvement,7328.01,2026-08-19,funded
app_697aed2b68a6,brw_9dbf0f3cdcb9,medical,13814.74,2026-08-19,funded
app_00fa28dfc1d6,brw_681c94bbbc4c,other,12493.13,2026-02-12,funded
app_4a8876b86c11,brw_d550962721d4,other,14597.14,2026-05-13,funded
app_3305ea0fdb4d,brw_1a7d46017c90,major_purchase,17461.42,2026-07-22,offers_declined
app_5ef3729eb1f4,brw_2b10ed153a22,debt_consolidation,14801.51,2026-06-11,funded
app_8d9d9b289284,brw_73fa99dddb66,major_purchase,10532.19,2026-05-31,funded
app_650bb2deb9c6,brw_5817fec74a67,debt_consolidation,26498.23,2025-11-23,funded
app_6b0ab4b0c18c,brw_5817fec74a67,debt_consolidation,21723.14,2026-07-23,funded
app_34e4b6d38d97,brw_5817fec74a67,medical,5148.66,2025-11-17,funded
app_3f5b4706e240,brw_6ecb689b29b7,debt_consolidation,18201.13,2025-12-17,offers_declined
app_1da752834a0e,brw_ac1efb247bfe,debt_consolidation,25400.28,2026-05-15,offers_declined
app_98b397487111,brw_ac1efb247bfe,medical,4421.05,2025-12-24,funded
app_df4927433687,brw_a121151ca0fc,home_improvement,4729.16,2026-05-21,funded
app_8f0b39b6ffe7,brw_a121151ca0fc,debt_consolidation,22051.82,2026-06-17,funded
app_823a5b123d19,brw_5c75fab92d2b,debt_consolidation,12141.21,2026-06-28,funded
app_fe62eadca032,brw_510c424325ce,other,14849.64,2026-07-06,funded
app_148b92062740,brw_510c424325ce,major_purchase,19826.78,2026-06-05,funded
app_72170d768e1b,brw_8ef8eb7b66d4,debt_consolidation,31685.11,2026-07-24,funded
app_a7064b564048,brw_8ef8eb7b66d4,major_purchase,3365.14,2026-06-22,funded
app_c2c8c0de7942,brw_8ef8eb7b66d4,debt_consolidation,29050.26,2026-07-23,offers_declined
app_0c3f35235713,brw_a2040eba0de8,medical,11302.38,2026-01-31,funded
app_ff8147d58831,brw_e5219a50a30c,debt_consolidation,9585.7,2026-03-22,offers_declined
app_6943984a64d1,brw_4e81394afe24,other,1269.05,2026-03-21,funded
app_e07470bdd805,brw_e7dd8c21be75,other,3159.9,2026-01-12,offers_declined
app_2a07a6eefe62,brw_3f824fcf21ee,debt_consolidation,5074.64,2026-03-08,funded
app_c3d38f0877a2,brw_37361354f230,medical,12585.34,2026-06-08,funded
app_22ccee268c42,brw_37361354f230,medical,13057.42,2026-06-02,offers_declined
app_39061f8eb29e,brw_c786f1960aa5,debt_consolidation,23200.86,2025-06-28,funded
app_1378610ed004,brw_cc395b2cccbc,debt_consolidation,20273.02,2025-12-10,offers_declined
app_da8e8b2e87aa,brw_bb1a426c6ccb,medical,14866.72,2026-01-01,funded
app_92b6e15ed266,brw_bb1a426c6ccb,medical,1748.12,2026-08-04,funded
app_9571e38733d2,brw_84591d488d92,debt_consolidation,27838.48,2025-11-20,funded
app_767f9efa6f21,brw_5b6373e15410,other,15706.44,2026-07-08,offers_declined
app_c4b6454fe0ef,brw_c9e22c00cf14,debt_consolidation,8669.95,2026-09-07,funded
app_6bfa31fd9fcd,brw_c9e22c00cf14,home_improvement,5656.8,2026-09-07,funded
app_8aa0ce17b471,brw_3667bb230222,home_improvement,39886.07,2026-05-02,funded
app_618239eb7b03,brw_2ab606be9ed4,other,8863.4,2026-05-06,funded
app_b813d5bed33d,brw_d37900b1b219,home_improvement,38962.12,2025-10-25,funded
app_7e4001b9c4d9,brw_d37900b1b219,debt_consolidation,9926.14,2025-12-08,funded
app_bb796ecbba13,brw_0b1a714554f0,debt_consolidation,22028.35,2026-08-29,funded
app_570ab2d01782,brw_0b1a714554f0,major_purchase,23283.27,2026-08-15,funded
app_4f0e77f1a34f,brw_4408eb25cde1,debt_consolidation,22468.91,2026-08-22,funded
app_954337475ac1,brw_4408eb25cde1,home_improvement,14843.09,2026-09-11,funded
app_f7efe1991674,brw_4408eb25cde1,other,4404.91,2026-09-09,funded
app_26bb292d0fe0,brw_5a3cef0b6c65,home_improvement,36873.96,2026-01-05,funded
app_04ec2df76083,brw_5a3cef0b6c65,debt_consolidation,30797.49,2026-01-05,offers_declined
app_9a8175f259f1,brw_5a3cef0b6c65,debt_consolidation,10283.02,2026-03-03,funded
app_6424066cc9b0,brw_812554a6bb65,debt_consolidation,10446.06,2026-08-20,offers_declined
app_c80960c12270,brw_63d2b2605da3,home_improvement,5454.42,2025-12-27,funded
app_a61ef36c4997,brw_80c9c23f0576,major_purchase,18053.29,2026-08-08,funded
app_48764d8963e6,brw_7407e6cd1eaa,medical,7008.32,2026-08-11,offers_declined
app_bd5fdb1bce2c,brw_607de196ec98,medical,5962.78,2026-05-15,funded
app_28a977c818a0,brw_8e4e8e46791f,home_improvement,14020.46,2026-08-10,offers_declined
app_b62321384a79,brw_d8193e9237d7,major_purchase,8820.37,2026-08-20,funded
app_9a83fa0dbdcd,brw_023ce74c916c,debt_consolidation,17040.56,2026-08-14,funded
app_6770f4262f96,brw_74e2d1b98cda,medical,4031.14,2026-05-19,funded
app_27563784aab8,brw_74e2d1b98cda,debt_consolidation,31859.56,2025-09-22,funded
app_95f5e031da6d,brw_74e2d1b98cda,debt_consolidation,8975.6,2025-12-22,funded
app_8416299c6dae,brw_168ee376fa92,home_improvement,38735.03,2026-07-12,funded
app_ebbf310120fe,brw_0f65cf434d8b,other,18423.28,2026-06-05,funded
app_73490eae91c9,brw_ee6bfc1e3fac,major_purchase,13174.81,2026-08-25,funded
app_7666662cc839,brw_ee6bfc1e3fac,major_purchase,19808.98,2026-08-31,offers_declined
app_c4a7cbbb7534,brw_ee6bfc1e3fac,other,18666.86,2026-08-14,funded
app_c5825c1474fd,brw_b757f9c8ee90,home_improvement,3508.41,2026-04-08,funded
app_cf7b3c27f256,brw_b757f9c8ee90,home_improvement,23417.97,2025-12-23,funded
app_38fe641e2b64,brw_4b21caadeb77,major_purchase,2343.77,2026-08-19,offers_declined
app_76a66ba3b2c3,brw_4b21caadeb77,other,7824.47,2026-05-12,funded
app_0ecf5f59a568,brw_57a5e7ef0f51,medical,7820.99,2025-10-11,funded
app_a1995277b1a9,brw_18c3d074baf5,medical,6158.53,2026-07-23,funded
app_cf6a7214c6e9,brw_18c3d074baf5,home_improvement,37964.29,2026-07-30,funded
app_e84064c2c8b5,brw_75670c28d1f2,debt_consolidation,23781.91,2026-03-04,funded
app_53f5f2562fff,brw_848ea7e046e8,debt_consolidation,24072.77,2026-05-08,funded
app_b1d0b96a3ac7,brw_5b08d754280c,medical,8981.75,2026-08-13,funded
app_17232e1b51bd,brw_5b08d754280c,medical,3305.61,2026-08-25,offers_declined
app_bf4a3c807f8e,brw_b40df52d9515,debt_consolidation,31789.39,2026-07-27,funded
app_b573de1e9c2d,brw_075ebc6ea9fb,debt_consolidation,9149.55,2025-12-27,funded
app_36bb4fab1f06,brw_5f1bcfb6e338,home_improvement,21454.32,2026-09-09,offers_declined
app_c946455046f1,brw_5f1bcfb6e338,medical,1683.03,2026-01-06,offers_declined
app_2292402b5179,brw_5f1bcfb6e338,medical,9488.33,2026-01-28,funded
app_284c5ef72e99,brw_ff375141450a,medical,2988.37,2026-02-22,funded
app_7ee17bba6b8a,brw_770652fcb493,major_purchase,23651.67,2026-09-02,funded
app_2aef26f4103c,brw_770652fcb493,major_purchase,18475.54,2026-07-11,funded
app_1adecd36ab31,brw_312eb58c8122,home_improvement,19076.59,2026-08-19,offers_declined
app_a2e70002d505,brw_945be6959271,debt_consolidation,28409.94,2026-09-03,offers_declined
app_d346926e1644,brw_e66b60fa7a2b,debt_consolidation,13670.67,2025-09-11,offers_declined
app_f0bbb484dedc,brw_e66b60fa7a2b,home_improvement,13733.64,2026-02-09,offers_declined
app_577649503cce,brw_e66b60fa7a2b,major_purchase,4056.41,2025-09-09,funded
app_670f059769b9,brw_7cf62509eb99,debt_consolidation,9113.16,2026-07-07,offers_declined
app_40920e465dbe,brw_0c8c09e80356,debt_consolidation,34805.25,2026-09-19,funded
app_f5c01296088b,brw_0c8c09e80356,other,12488.55,2026-09-15,offers_declined
app_e36339681c1d,brw_b778ad3b3147,home_improvement,31026.32,2026-08-12,funded
app_363d822e839b,brw_b778ad3b3147,debt_consolidation,22511.96,2026-08-26,funded
app_3d602cd0776e,brw_4121f18a54f9,major_purchase,9092.51,2026-06-01,funded
app_7509ad98aab7,brw_7e956f7bd372,debt_consolidation,31593.07,2025-11-09,offers_declined
app_dcd8d32e417d,brw_f107512f1d37,major_purchase,10140.52,2026-09-15,offers_declined
app_7af28768b616,brw_f107512f1d37,medical,6482.92,2026-08-31,offers_declined
app_a617f471cec2,brw_f107512f1d37,debt_consolidation,21067.16,2026-09-16,funded
app_c98aac950486,brw_798155736644,medical,2986.3,2026-08-25,funded
app_54e03c0fa697,brw_e8f3e0907ffa,home_improvement,24315.86,2026-07-17,offers_declined
app_20e45b46faeb,brw_c6d67e8fdbf0,debt_consolidation,19268.83,2026-08-17,no_offers
app_60a6fcddbcb7,brw_c6d67e8fdbf0,major_purchase,5997.4,2026-01-19,funded
app_eb9bc3726ecc,brw_8427e7d24d9a,debt_consolidation,5974.58,2025-10-07,offers_declined
app_bfc8a201b44e,brw_8427e7d24d9a,debt_consolidation,12660.55,2026-01-06,funded
app_74f2a6dbfb3d,brw_60949847fc01,medical,4200.23,2026-08-24,offers_declined
app_8d20e9243060,brw_60949847fc01,home_improvement,29972.84,2026-08-29,funded
app_ae272f84b1e7,brw_19078e2bf01b,debt_consolidation,27836.97,2026-09-14,funded
app_b9f489581c7a,brw_b876d0ce6571,medical,8656.67,2025-10-28,funded
app_9e3390512fbb,brw_13f223470708,medical,8407.21,2025-11-29,funded
app_4fbc18971f8e,brw_9ab076fa4c57,debt_consolidation,10581.93,2026-08-14,offers_declined
app_63726eedec59,brw_6fd45d3826ca,other,6736.59,2026-02-23,offers_declined
app_c3baf62b4ac0,brw_771a5249e407,debt_consolidation,30288.18,2026-08-11,funded
app_fc3d5cba376b,brw_ebba4cc11b1c,debt_consolidation,18445.99,2026-06-18,offers_declined
app_4078eeccd187,brw_ebba4cc11b1c,medical,4405.56,2026-03-25,offers_declined
app_67c3373a9f9f,brw_76caddb64d26,debt_consolidation,11654.1,2025-10-10,funded
app_c34b1019f578,brw_b1807a8c330c,home_improvement,9817.48,2026-08-29,offers_declined
app_4754ea48f104,brw_372053499207,other,14426.7,2026-09-11,offers_declined
app_332a441727f5,brw_d8aca1efaa76,medical,8115.11,2026-01-03,funded
app_ec54aa04ac18,brw_028fa63ea992,debt_consolidation,21328.34,2026-04-20,funded
app_893d63a9b71d,brw_746d3cc7ac77,debt_consolidation,17340.58,2026-06-14,offers_declined
app_93c3acf9bb6a,brw_60c688df5f02,debt_consolidation,14585.75,2026-03-15,funded
app_0c7878d64996,brw_d9577f6fe167,medical,12317.22,2026-06-22,offers_declined
app_00c61405b3ac,brw_d9577f6fe167,debt_consolidation,5624.71,2026-07-16,offers_declined
app_a51f0dc0f301,brw_1e27076ce1f0,home_improvement,32846.74,2026-03-14,funded
app_51d4452631d5,brw_1e27076ce1f0,other,9164.29,2026-07-29,funded
app_01aafc16ec5f,brw_99735ebde0b3,medical,6018.95,2026-04-12,funded
app_0335846feb29,brw_23cdfeee6be6,home_improvement,12778.86,2026-08-20,funded
app_410d046b33e5,brw_3c6262ed5aa4,debt_consolidation,7383.99,2026-05-02,funded
app_8f4c722a7d08,brw_d1079b5ba95d,debt_consolidation,16123.51,2026-04-15,funded
app_8a648218b179,brw_d1079b5ba95d,home_improvement,32126.83,2026-06-30,funded
app_ddf0c6e5186e,brw_042fa686fae0,debt_consolidation,15712.05,2026-06-15,funded
app_fb17bf2a4739,brw_042fa686fae0,home_improvement,36871.67,2026-08-11,funded
app_63592e1b12f4,brw_3c29ed126421,debt_consolidation,8054.07,2026-04-16,funded
app_efea0f9c4e59,brw_3c29ed126421,medical,5000.82,2026-08-01,funded
app_ea83befb0ddb,brw_dbe574af0ed4,other,11208.14,2026-04-02,funded
app_908ab8303bd2,brw_fe0048152586,major_purchase,21903.07,2026-09-05,funded
app_3b1e7ed87b88,brw_fe0048152586,medical,3752.99,2026-07-08,funded
app_d131b977c11a,brw_a7002167e5c9,medical,10582.1,2026-07-23,offers_declined
app_e8a81db75b9d,brw_08cd64a79181,debt_consolidation,24924.61,2026-06-10,funded
app_d36e12e303da,brw_08cd64a79181,home_improvement,8148.64,2026-01-12,funded
app_129f41ea8218,brw_81fb74338b02,debt_consolidation,34875.48,2026-01-04,funded
app_f0d55bfeed1e,brw_81fb74338b02,debt_consolidation,33638.58,2026-08-14,funded
app_f8033d27b230,brw_81fb74338b02,debt_consolidation,24770.06,2026-01-19,funded
app_db7c5eae1b9c,brw_2b5b4fd5034d,debt_consolidation,27597.09,2026-09-12,funded
app_29645829eca3,brw_cf7728533189,major_purchase,19460.2,2026-06-09,offers_declined
app_092ded56ebce,brw_cf7728533189,other,13143.63,2026-08-07,funded
app_3d6e911dda94,brw_34d1e9b60761,medical,4870.08,2026-09-01,offers_declined
app_b20b4dc98d9a,brw_d5f9aa7d9b73,major_purchase,21297.7,2026-03-08,funded
app_0cd390d15139,brw_56bab149b5d5,debt_consolidation,26678.77,2026-07-12,offers_declined
app_df1bbb0503ac,brw_2e17eb5c0b6d,debt_consolidation,14000.36,2026-04-01,offers_declined
app_722e9be5152b,brw_7c32d1764751,home_improvement,37243.01,2026-06-18,funded
app_a616a59eeaaf,brw_ceb31594deb8,debt_consolidation,28438.3,2026-08-24,offers_declined
app_851190a7c7d5,brw_ceb31594deb8,home_improvement,20607.14,2026-08-24,funded
app_ffe970cffe42,brw_b5c777bb653b,major_purchase,21747.7,2026-06-06,offers_declined
app_2c0265770c6a,brw_b5c777bb653b,other,7398.56,2026-07-27,offers_declined
app_95c7f71f981a,brw_843c9947f973,major_purchase,10328.88,2026-05-23,offers_declined
app_e8cfac77c240,brw_1cb88c45a23e,debt_consolidation,26886.0,2026-06-23,funded
app_a8ba78069a5d,brw_822392686121,medical,4034.53,2025-08-05,offers_declined
app_ea2d39de866a,brw_eb54f8542b53,other,9740.23,2025-11-30,offers_declined
app_69f576607c05,brw_16899edbe5fa,home_improvement,5753.19,2025-10-09,funded
app_b061f7764ef6,brw_16899edbe5fa,debt_consolidation,5755.7,2025-08-29,funded
app_ee8dea054e02,brw_615c04c9be3c,debt_consolidation,8246.16,2026-08-15,funded
app_4a3206ed0dcd,brw_615c04c9be3c,major_purchase,18612.37,2026-09-01,funded
app_365e92dfe866,brw_cd3083bcbb6a,home_improvement,28494.59,2026-05-09,funded
app_69665cef32ca,brw_13db2ef49263,home_improvement,30283.54,2026-05-12,offers_declined
app_92a3b4470ce9,brw_13db2ef49263,debt_consolidation,34809.64,2026-06-09,offers_declined
app_0692c923be36,brw_b0c1c01f8a20,debt_consolidation,32868.41,2026-01-17,offers_declined
app_8acd3a2363da,brw_b0c1c01f8a20,home_improvement,14868.13,2026-04-18,funded
app_253fcb3c32e0,brw_cfa80ee5402c,major_purchase,19487.0,2026-08-25,offers_declined
app_3aa1b67c9ceb,brw_cfa80ee5402c,home_improvement,14059.15,2026-08-10,offers_declined
app_0d5fde3c2f12,brw_b1023dc87f95,major_purchase,22478.52,2026-07-01,offers_declined
app_d37a648498b3,brw_b24944cb7e1f,home_improvement,39049.53,2026-03-19,funded
app_a475f74ec625,brw_b24944cb7e1f,debt_consolidation,14330.55,2026-03-11,funded
app_d48be0b23607,brw_b24944cb7e1f,medical,7776.51,2026-06-23,funded
app_f6bf1b5225ee,brw_d2877d51ba05,debt_consolidation,15997.22,2026-07-09,offers_declined
app_7c6879b09c66,brw_0eaa25ad499f,home_improvement,10998.19,2026-05-28,offers_declined
app_a283a5543520,brw_2334944c2753,home_improvement,15964.71,2025-08-30,offers_declined
app_540afa24261f,brw_2334944c2753,other,16400.53,2026-02-22,funded
app_d290afbccfe5,brw_6aae54ed61ff,major_purchase,16852.57,2026-08-04,offers_declined
app_7f3b0e751c69,brw_6aae54ed61ff,debt_consolidation,6495.18,2026-08-29,offers_declined
app_e0f9a365df0e,brw_c0ab26884d81,debt_consolidation,32343.28,2026-07-16,funded
app_037d0a025d4c,brw_8880df7af1af,major_purchase,20336.76,2026-06-27,funded
app_d097969e3acd,brw_8880df7af1af,debt_consolidation,12457.53,2026-03-18,funded
app_e4cd703e7449,brw_8880df7af1af,debt_consolidation,33027.61,2026-02-14,funded
app_69ac50fff845,brw_dc8463c93421,debt_consolidation,23619.49,2025-12-06,funded
app_2c4b8804f4b5,brw_bce07bccd1f2,other,13004.27,2026-04-09,offers_declined
app_ea3a539364b2,brw_bce07bccd1f2,debt_consolidation,7359.42,2026-03-05,funded
app_0fe7728d7d46,brw_6f0161bc1e7f,home_improvement,8793.94,2025-11-19,offers_declined
app_fe5290f04625,brw_0cca3d60ad66,other,5729.93,2026-04-24,funded
app_78fad100ef19,brw_0cca3d60ad66,debt_consolidation,24745.53,2026-05-27,funded
app_170c6a6edd94,brw_66b28fed96e0,medical,3725.12,2026-09-03,funded
app_2a0ccd8a8088,brw_8ae900e78e89,medical,10934.93,2026-05-22,funded
app_aa22f2147f4b,brw_3b50531b3b24,debt_consolidation,33290.66,2026-06-18,funded
app_3d2c9c6953c1,brw_45429c3110db,other,15971.17,2026-09-15,funded
app_97f0bf38e744,brw_a1d3a0fb13c5,home_improvement,8793.18,2026-08-31,funded
app_b8d5a08c1754,brw_a1d3a0fb13c5,debt_consolidation,23902.21,2026-06-14,offers_declined
app_e44745674d79,brw_a1d3a0fb13c5,major_purchase,12223.86,2026-06-03,funded
app_5aa62016fb59,brw_4b156144ba54,debt_consolidation,24859.38,2026-06-14,funded
app_59ba92370232,brw_cab4c3e52c9d,debt_consolidation,22037.75,2026-09-15,offers_declined
app_08d3548fe68b,brw_0ca9e76c48eb,home_improvement,27559.91,2026-08-04,funded
app_352148ab7c9a,brw_0ca9e76c48eb,medical,12857.37,2026-08-01,funded
app_86ffc8562a7a,brw_35e692b9fa00,other,15192.72,2026-02-11,offers_declined
app_a0a5a2c496ce,brw_c9da8f422a20,debt_consolidation,34755.68,2026-05-19,funded
app_c8a8f9f02569,brw_c9da8f422a20,debt_consolidation,7448.34,2026-01-28,offers_declined
app_3bcbbd061e1a,brw_c9da8f422a20,home_improvement,18311.6,2026-05-10,funded
app_93b7cbd2b1c0,brw_da611928fc03,other,6947.41,2026-08-04,offers_declined
app_08eacca6891b,brw_da611928fc03,other,12966.08,2026-09-14,no_offers
app_760798efdf6e,brw_ffaf09da9589,major_purchase,22327.26,2026-08-14,funded
app_f05fc8a8b21d,brw_9cf19a1e6bc6,home_improvement,24809.18,2026-03-22,funded
app_2ee6199ac84e,brw_59b575dbb417,major_purchase,3551.3,2026-05-29,offers_declined
app_ac4247b788a4,brw_59b575dbb417,debt_consolidation,15943.04,2026-02-10,funded
app_2420d11c00c9,brw_98458705696b,medical,3090.84,2026-02-26,funded
app_cdf6965d25bf,brw_98458705696b,home_improvement,22571.04,2025-12-18,offers_declined
app_de3397bdcb92,brw_98458705696b,home_improvement,6694.54,2026-03-19,funded
app_61baaad23f40,brw_3ef10e5f5177,medical,6664.29,2026-08-17,funded
app_a3ab4efa7e5c,brw_3ef10e5f5177,other,7241.06,2026-08-25,funded
app_707ab0e9d18e,brw_3ef10e5f5177,debt_consolidation,20420.54,2026-07-16,funded
app_442d1557fb5d,brw_8af831755acd,debt_consolidation,32281.03,2026-06-18,offers_declined
app_eebedea3f315,brw_3d5c8e71cc22,debt_consolidation,18557.74,2026-03-24,offers_declined
app_9e7c06f79a44,brw_9acabeeefa47,debt_consolidation,24979.79,2026-08-27,funded
app_dd82da1ac9ca,brw_9acabeeefa47,other,13984.16,2025-08-25,funded
app_bda39d202537,brw_9acabeeefa47,major_purchase,20381.49,2026-01-11,funded
app_8aa57856f54d,brw_907c95be8157,medical,11754.24,2026-03-04,funded
app_2ce7beb5625f,brw_6c612ea38d9d,debt_consolidation,23348.04,2026-03-28,funded
app_413010b1848e,brw_d8462c8da840,debt_consolidation,10200.09,2026-07-17,funded
app_dce4878b0e47,brw_04e9718a641f,major_purchase,11589.99,2026-04-14,funded
app_ded2b459175c,brw_9095cf54dfe5,home_improvement,29175.42,2026-09-14,offers_declined
app_67bf8da103ec,brw_9095cf54dfe5,debt_consolidation,18986.36,2026-09-08,funded
app_a6bfbc0106c4,brw_e061f30ab8bc,debt_consolidation,6182.29,2026-07-23,offers_declined
app_9e01351708c5,brw_358118c16705,home_improvement,4886.86,2025-06-13,funded
app_d60028591f16,brw_358118c16705,debt_consolidation,7501.42,2025-10-08,offers_declined
app_55b92b482ae7,brw_358118c16705,home_improvement,31543.52,2026-05-31,funded
app_f5450b56a19c,brw_241bddda636e,other,10843.49,2025-10-19,funded
app_85bfb80d4276,brw_866104f24486,home_improvement,7358.02,2026-09-13,funded
app_08b4d24bfb59,brw_29a87d941a4a,debt_consolidation,10235.15,2026-08-16,offers_declined
app_bd696fd6a795,brw_76f6f54d945a,debt_consolidation,8466.4,2026-04-03,funded
app_af0b8dd852d2,brw_76f6f54d945a,debt_consolidation,31612.61,2026-06-30,funded
app_bcb130668a9a,brw_76f6f54d945a,debt_consolidation,11395.39,2026-04-06,funded
app_7fee4ebdbcf0,brw_ceee23d97780,home_improvement,21065.99,2026-02-07,funded
app_4c0cf17c0bbe,brw_736af84ae34e,major_purchase,24851.32,2026-05-02,funded
app_b30636f31029,brw_f038449d3663,home_improvement,15503.19,2026-08-26,funded
app_c729924c2963,brw_f038449d3663,debt_consolidation,31721.22,2026-05-04,offers_declined
app_35ddadf6987f,brw_f038449d3663,debt_consolidation,15132.53,2025-11-18,offers_declined
app_ccac4819e3da,brw_5f4f5622643f,medical,8387.01,2026-08-05,no_offers
app_51431ec5a25b,brw_84173dee87cc,debt_consolidation,33960.45,2025-12-30,funded
app_ba95dfcf3abe,brw_5e9c8f201263,debt_consolidation,19645.69,2026-06-25,funded
app_38075ad403cf,brw_5e9c8f201263,debt_consolidation,11715.37,2026-06-02,funded
app_51597f74baba,brw_5e9c8f201263,medical,1296.46,2026-05-07,offers_declined
app_e3ba84c718cf,brw_94a9e782473c,home_improvement,16619.36,2026-06-28,offers_declined
app_dc8684c5ed70,brw_1e40730929b6,debt_consolidation,27779.22,2026-08-28,funded
app_e1c74d8c3ba3,brw_c2f5e8b73f67,debt_consolidation,24319.57,2026-08-15,offers_declined
app_65691736d98b,brw_c2f5e8b73f67,debt_consolidation,14078.14,2026-05-25,funded
app_4a0f3d55f550,brw_c2f5e8b73f67,medical,8396.09,2026-09-15,funded
app_65d3e98770bf,brw_d41ad2dc8410,major_purchase,13020.07,2026-09-02,funded
app_26ed8c768632,brw_0a52e4c9cbee,major_purchase,19385.76,2026-05-12,offers_declined
app_28ceb6c320ab,brw_2209ce0bc05c,home_improvement,12085.88,2026-08-26,funded
app_f5c60953b672,brw_2209ce0bc05c,major_purchase,19901.27,2026-08-22,funded
app_4c48c496ef63,brw_2209ce0bc05c,other,18467.42,2026-08-02,funded
app_13587eafb253,brw_45ed772eae8f,debt_consolidation,11839.55,2026-08-01,funded
app_5ff907cf6099,brw_45ed772eae8f,debt_consolidation,18182.37,2026-09-13,offers_declined
app_0083b66abdfd,brw_262a5d097048,debt_consolidation,23227.15,2025-07-21,funded
app_5b6895bd7e5e,brw_262a5d097048,debt_consolidation,13702.03,2026-07-31,offers_declined
app_fa245434dab6,brw_61c69b0a7bc2,debt_consolidation,30717.22,2026-07-19,offers_declined
app_4273d2615d5d,brw_61c69b0a7bc2,debt_consolidation,29487.39,2026-01-28,offers_declined
app_82fbfab3d1b1,brw_90c171568506,debt_consolidation,14180.99,2026-08-15,funded
app_6e465d93681f,brw_90c171568506,medical,14328.54,2026-06-20,offers_declined
app_557983dbe58e,brw_99a6c6668811,debt_consolidation,10069.46,2026-03-26,funded
app_1ac827026f36,brw_999fc1bb0537,major_purchase,7545.7,2026-05-15,funded
app_5bc3b8bdbc23,brw_999fc1bb0537,debt_consolidation,12267.51,2026-06-09,offers_declined
app_7f656c9bb061,brw_999fc1bb0537,other,9728.11,2026-06-17,offers_declined
app_912f6b5bbfe3,brw_039395e684bf,debt_consolidation,29016.45,2026-05-31,funded
app_d1baf0a8c1ce,brw_f3d9d518f502,medical,9083.53,2026-07-30,funded
app_44849bf0be02,brw_f3d9d518f502,major_purchase,22234.04,2026-08-10,offers_declined
app_33919894be61,brw_f3d9d518f502,home_improvement,22884.03,2026-07-11,funded
app_bb602066caa8,brw_c23c64fee8c5,medical,8785.3,2026-07-30,funded
app_851b9f417686,brw_470f49936bf2,other,16159.49,2026-07-25,funded
app_34b5cbcaced0,brw_470f49936bf2,home_improvement,22680.01,2026-09-01,funded
app_8466266a7242,brw_a42e69d77bed,home_improvement,14854.25,2026-06-16,funded
app_95a679c720b8,brw_489a28ace651,home_improvement,5416.54,2026-06-15,funded
app_2f115ed08e9e,brw_3eaffab7c0b7,debt_consolidation,13566.92,2026-07-18,funded
app_7af7d2fe3503,brw_4bb04d66ebc8,debt_consolidation,33301.54,2026-08-03,funded
app_803f55b581e9,brw_4bb04d66ebc8,medical,1071.53,2026-08-26,funded
app_f0e3b549d03c,brw_8a5d901511a8,home_improvement,27475.78,2026-08-19,funded
app_a6c6a949b3e0,brw_afbbd4781a9e,home_improvement,29788.86,2026-07-22,offers_declined
app_517ea39a5f6e,brw_836122f76996,other,19130.21,2026-05-19,offers_declined
app_4f8ce9cac9c3,brw_836122f76996,home_improvement,37915.76,2025-08-28,funded
app_14576572108a,brw_836122f76996,other,8041.37,2026-06-06,offers_declined
app_f7c952288d69,brw_e1a8d801656d,home_improvement,36865.19,2026-08-28,offers_declined
app_f78a621c429c,brw_6494c69ec38c,major_purchase,7822.97,2026-08-02,offers_declined
app_566f927d9dc1,brw_6494c69ec38c,major_purchase,22969.61,2026-04-09,funded
app_d519ba3c267f,brw_6494c69ec38c,debt_consolidation,34412.3,2026-07-01,funded
app_e1ea5357d9c6,brw_2986c85fbc56,debt_consolidation,6887.16,2026-02-20,funded
app_84f2843eb35b,brw_2986c85fbc56,debt_consolidation,15858.97,2026-05-11,funded
app_786567f0ebd5,brw_d188e35f002f,other,17893.01,2026-01-24,funded
app_8640a70a8a4b,brw_d188e35f002f,debt_consolidation,32208.01,2025-12-05,funded
app_736903de4f2e,brw_d188e35f002f,debt_consolidation,8442.72,2025-09-21,funded
app_afc66ba0e0f3,brw_8db2769d8d5e,other,16276.35,2026-04-17,funded
app_33c6d85c66f6,brw_9fbc7ce70c41,home_improvement,7745.68,2026-08-06,offers_declined
app_225245994f75,brw_f05ed002f231,debt_consolidation,28314.07,2025-08-05,offers_declined
app_388e5f68c51b,brw_8b1ac1a404f5,debt_consolidation,22726.43,2026-05-31,offers_declined
app_ac8e5469c3fa,brw_28f1c6fe87b5,home_improvement,34154.01,2025-08-28,offers_declined
app_7b340b4dccf2,brw_28f1c6fe87b5,debt_consolidation,22180.63,2025-07-24,offers_declined
app_bba7a9e7be2f,brw_28f1c6fe87b5,debt_consolidation,5539.96,2025-11-29,funded
app_a18a41a23227,brw_39a6be2d3b3f,major_purchase,22703.08,2026-09-11,funded
app_7b4f2a8db4f6,brw_ec577ed327e7,other,4445.0,2025-10-05,funded
app_ad092c63a450,brw_0947f8a737c6,debt_consolidation,22214.25,2026-05-20,offers_declined
app_298df2b7ea2e,brw_0f51d57a818b,debt_consolidation,29420.77,2026-04-12,funded
app_13d16bdbb75e,brw_18d801eaf970,other,12470.47,2026-03-23,funded
app_4281639afd57,brw_18d801eaf970,debt_consolidation,28953.16,2025-12-09,funded
app_2a3e43af7c99,brw_f0986c638272,other,10951.16,2026-04-09,offers_declined
app_2116ea846987,brw_f0986c638272,home_improvement,32913.58,2026-06-29,funded
app_dec3713358fb,brw_83ef690de6db,medical,6577.09,2026-09-18,funded
app_8cf160c8c375,brw_83ef690de6db,debt_consolidation,34683.06,2026-07-12,funded
app_c385a10d6fde,brw_f6de54a91b1e,home_improvement,31042.52,2025-04-21,offers_declined
app_65de756ada97,brw_4513918db709,other,13704.95,2026-09-08,funded
app_e77364a34b58,brw_0169e2f392b7,major_purchase,16443.28,2026-07-27,funded
app_db996b92fc0f,brw_41af4f706136,medical,7060.03,2026-08-28,funded
app_619a63ad0c6f,brw_2a5d58442f74,home_improvement,27382.59,2025-07-21,no_offers
app_9c184eb927ba,brw_2a5d58442f74,debt_consolidation,10997.09,2026-04-26,offers_declined
app_11741fc06c33,brw_2a5d58442f74,medical,9749.92,2025-09-17,funded
app_77d83f167577,brw_9dd84d58b653,debt_consolidation,23011.92,2026-08-24,funded
app_dc9f07b47035,brw_744844288c1e,major_purchase,2748.25,2025-10-26,funded
app_e714328fa83a,brw_54050d1fce76,debt_consolidation,14099.94,2026-08-31,offers_declined
app_24d2b4eeb539,brw_54050d1fce76,debt_consolidation,14979.24,2026-05-18,funded
app_d62e0ece2732,brw_afd87d81dd67,debt_consolidation,11629.91,2025-12-19,funded
app_5aac4ff50507,brw_02dd3ad9bd0f,major_purchase,23814.02,2025-12-13,funded
app_74b293bb60f2,brw_02dd3ad9bd0f,medical,8846.87,2026-02-19,funded
app_f54f054aa60c,brw_017ff13ad2a9,debt_consolidation,22272.61,2026-06-13,funded
app_19b08bfe65eb,brw_017ff13ad2a9,debt_consolidation,33577.75,2026-07-11,funded
app_ff0c5d722074,brw_a444fc5f2db2,debt_consolidation,20794.24,2026-01-16,offers_declined
app_6f0a1b8f47df,brw_1daf4533f8ef,home_improvement,8082.72,2026-06-01,offers_declined
app_50c8f0d960e0,brw_7dde81048000,medical,8862.71,2026-04-28,funded
app_eaea9eece32f,brw_7dde81048000,other,7604.43,2026-06-24,offers_declined
app_eb3490d51c5d,brw_e060f7e1093a,medical,1021.89,2026-03-03,funded
app_b2a80c041e32,brw_e92d3ff0306e,major_purchase,4535.32,2025-11-01,funded
app_4457d39c5a19,brw_e92d3ff0306e,debt_consolidation,33804.93,2025-07-25,offers_declined
app_bb63f0d8e1ff,brw_95b5dd3b273b,major_purchase,23138.0,2025-10-25,funded
app_4fb58855c80d,brw_83d1fef4dfea,medical,1458.88,2026-01-05,funded
app_2f75cc9dd652,brw_01f711fcea09,medical,13187.14,2026-04-05,funded
app_53915e3648ee,brw_01f711fcea09,major_purchase,7496.53,2026-08-10,offers_declined
app_8926d09cd265,brw_b2cdf6028787,home_improvement,37461.64,2026-06-16,funded
app_6dfd4fa939db,brw_b2cdf6028787,major_purchase,24498.44,2026-03-29,offers_declined
app_1dc3cfb3f46a,brw_b2cdf6028787,home_improvement,27670.56,2026-07-28,offers_declined
app_06327d32cd51,brw_3bcf34289b36,other,9542.36,2025-02-23,offers_declined
app_fc744c779102,brw_b7e6e471d3aa,debt_consolidation,20919.4,2026-09-09,funded
app_9c8f1cdae43a,brw_b7e6e471d3aa,major_purchase,13002.97,2025-11-30,funded
app_d9634a87cfb2,brw_14709ecbc140,home_improvement,5052.79,2026-08-23,offers_declined
app_f8491b8d8035,brw_43267584c041,home_improvement,22076.06,2025-06-20,funded
app_d64d31fb3c9e,brw_371d5e51e481,home_improvement,13074.22,2026-09-03,funded
app_95a37104583d,brw_9cbf38e78aa8,home_improvement,18379.38,2026-09-08,offers_declined
app_67c2981b4e53,brw_88ddb0435678,debt_consolidation,10336.06,2025-11-17,offers_declined
app_581b1929a821,brw_0c8c6596e718,debt_consolidation,22342.7,2025-07-10,funded
app_673448018c3d,brw_02fa1157e571,home_improvement,6659.44,2026-06-18,offers_declined
app_8e363509c27b,brw_44764cf9d0c9,home_improvement,8921.2,2026-06-11,funded
app_a09ca8c82c73,brw_ccf6af544e5e,medical,10352.35,2026-07-14,funded
app_01bf3cedc369,brw_e9b7b4b683b3,medical,2143.42,2026-08-27,funded
app_5cea524db04b,brw_6186611d5213,major_purchase,18291.55,2026-09-17,funded
app_438116471d8f,brw_aeede01edef5,debt_consolidation,29976.8,2026-04-08,offers_declined
app_450014307446,brw_aeede01edef5,major_purchase,13759.65,2026-05-08,funded
app_7f84d3c0a69e,brw_9345f53ca303,home_improvement,27369.03,2026-01-20,funded
app_cc1e65428941,brw_9345f53ca303,home_improvement,30472.35,2025-10-01,funded
app_438e4065ae8f,brw_4d3309cbd0c1,other,7368.32,2025-11-12,funded
app_2e39435aff80,brw_4d3309cbd0c1,medical,7178.88,2026-01-17,offers_declined
app_71813c65440a,brw_67d297f73ae6,other,3280.1,2026-07-18,funded
app_f10c7a725712,brw_37378d242875,medical,6211.12,2025-12-04,funded
app_03f0890dc0cd,brw_37378d242875,debt_consolidation,11147.92,2025-11-12,funded
app_f23bcc189e34,brw_f77a6cec818d,medical,13048.75,2026-08-15,funded
app_ba08410982b9,brw_cfe644b49716,debt_consolidation,13247.32,2026-06-22,funded
app_f41b85b02e39,brw_bb7338165302,home_improvement,12311.51,2026-09-04,funded
app_f2adb75b7368,brw_eae18ebf1623,home_improvement,28068.64,2026-03-22,funded
app_776ac9fbb212,brw_6a270ca47492,home_improvement,16581.26,2025-11-13,funded
app_699e61387db9,brw_4f60942ec560,major_purchase,17937.58,2026-09-08,funded
app_463866917810,brw_d59a45d2d2fc,debt_consolidation,20349.73,2026-06-15,funded
app_6a02e78554e0,brw_a1327dcb2603,debt_consolidation,19664.01,2026-03-13,funded
app_c196ee6ede76,brw_1651dd009b6d,medical,10824.87,2026-03-25,funded
app_1f675c4436f7,brw_3bf3b6125bef,major_purchase,10296.38,2026-07-28,funded
app_fae10f96238a,brw_83f7151a94a0,debt_consolidation,20962.18,2026-08-24,funded
app_003cc10147f5,brw_d9841ad5e649,debt_consolidation,8020.28,2026-07-08,funded
app_a74eef2fd175,brw_d9841ad5e649,major_purchase,13485.64,2026-06-01,offers_declined
app_f721567b5a56,brw_5477a2b0c831,medical,13853.71,2026-03-28,offers_declined
app_4292f07e9f2c,brw_38fe374724cf,debt_consolidation,19304.84,2026-08-07,funded
app_3004c26422f3,brw_a8c4839022ae,home_improvement,38289.1,2026-09-16,funded
app_db5546f72714,brw_8ccecccc29a7,major_purchase,19645.44,2025-03-02,offers_declined
app_f117e8c44595,brw_4d7ebde27f19,other,3184.77,2026-05-12,funded
app_a0f20ac6be75,brw_80088e50c7b7,debt_consolidation,25483.15,2026-04-14,funded
app_2e4f45f50b4b,brw_554cdd4d846a,other,5925.76,2026-09-10,offers_declined
app_6ad17cbd6942,brw_554cdd4d846a,home_improvement,30223.71,2026-07-05,funded
app_4a249ede92d2,brw_554cdd4d846a,other,19744.76,2026-05-25,funded
app_06fc7e9d644f,brw_9948a414f595,medical,8083.26,2026-05-09,funded
app_643bd8c41c7b,brw_767d803d6b91,medical,6701.7,2026-08-28,funded
app_4f63beb69e41,brw_767d803d6b91,home_improvement,29994.16,2026-08-18,funded
app_068fa21c60ee,brw_767d803d6b91,debt_consolidation,11564.08,2026-06-03,funded
app_e1de295595bc,brw_416d9d4f26f3,home_improvement,17240.07,2026-04-06,funded
app_68eac9549650,brw_416d9d4f26f3,medical,11991.71,2026-07-03,funded
app_fb3e9893d037,brw_416d9d4f26f3,home_improvement,16152.73,2025-10-14,funded
app_057de761475e,brw_963a3371904f,medical,8474.39,2025-10-20,funded
app_99055a8fd346,brw_963a3371904f,debt_consolidation,19115.81,2026-07-21,offers_declined
app_5f0dc32a7069,brw_05893e303d59,debt_consolidation,34641.48,2025-08-22,funded
app_7ea3aaf57700,brw_319f06c41bfe,medical,3560.21,2026-06-22,funded
app_c33dee8358c9,brw_319f06c41bfe,medical,10369.84,2026-08-11,funded
app_f2135598c224,brw_be0ceabcf5dd,home_improvement,30411.63,2026-09-02,funded
app_aad274d8d06a,brw_972de9a3bbbd,debt_consolidation,27181.86,2026-07-10,funded
app_dfa8001933c5,brw_972de9a3bbbd,major_purchase,23235.27,2026-09-13,funded
app_4a520354a26a,brw_972de9a3bbbd,medical,9877.91,2026-09-10,funded
app_2a3f9902a814,brw_d4a2d8dbdcd8,debt_consolidation,29669.4,2026-06-28,funded
app_54f6590b6f73,brw_d4a2d8dbdcd8,debt_consolidation,32858.3,2026-02-16,funded
app_0f9ffe857165,brw_1e6e494c79fc,debt_consolidation,31619.05,2026-02-07,funded
app_d28a5d241bae,brw_821f7dadee88,debt_consolidation,34368.21,2026-08-07,funded
app_e5c28a7204e0,brw_79143c503db4,home_improvement,4861.01,2026-08-11,funded
app_15ef77303714,brw_12dbd61e4a9c,major_purchase,5365.89,2026-09-12,funded
app_b0237afa9426,brw_b07f2bd1e9da,other,17531.69,2026-08-11,offers_declined
app_c78cd2b7b7eb,brw_416aa09ecc56,debt_consolidation,12517.4,2026-03-03,funded
app_fbac8c6efe6c,brw_33cf4b9f8d2b,home_improvement,14988.35,2026-08-11,funded
app_949042356bfe,brw_362aeb2600a0,debt_consolidation,7195.88,2026-03-07,offers_declined
app_7b9a74350bb4,brw_c8c26128a6cb,other,17148.78,2026-05-17,funded
app_bb53a56b2035,brw_3628c2f09369,debt_consolidation,34737.91,2026-04-18,funded
app_f719d9956fdc,brw_dc1f6a148e36,medical,8077.51,2026-07-16,funded
app_0bc451af3737,brw_bd6986ff2592,other,9485.04,2025-12-07,funded
app_58bc8cd74592,brw_c2ee0fd6128b,debt_consolidation,10621.95,2026-05-11,funded
app_a45c3b32f8fa,brw_8b1654872be8,home_improvement,25354.1,2026-04-14,funded
app_649245553571,brw_8b1654872be8,other,10180.25,2025-03-28,offers_declined
app_51359adffc93,brw_3215d7c0d404,medical,14698.58,2026-06-05,offers_declined
app_593679d14a4b,brw_74100250205f,home_improvement,12432.63,2026-02-27,funded
app_4674060fb19a,brw_79aabdd21ced,other,17463.9,2026-03-09,funded
app_ea51655c01bf,brw_302be39f9a38,debt_consolidation,31137.88,2026-05-09,funded
app_799221da5c26,brw_302be39f9a38,home_improvement,9424.59,2026-08-12,funded
app_32e8c4217b15,brw_ea4d97ac4baf,major_purchase,13042.46,2026-04-26,funded
app_8e1d2cfff638,brw_ea4d97ac4baf,major_purchase,15683.46,2026-07-16,offers_declined
app_8a1b79d8cbdd,brw_c3cdd1599334,home_improvement,13928.2,2026-09-04,funded
app_17bcda61320c,brw_dfc63c0a025f,other,2286.86,2026-09-08,offers_declined
app_c8aa14827ebe,brw_3d5d50663e5e,debt_consolidation,18036.45,2026-04-25,funded
app_db0fe39e9fb8,brw_24d882808d67,medical,1211.1,2026-07-13,funded
app_b19715695624,brw_d659b320c4a0,major_purchase,7796.17,2026-02-02,funded
app_a69ac3def86a,brw_d659b320c4a0,major_purchase,6807.59,2025-11-13,funded
app_79d023b3dfe4,brw_2db5bd57bbec,debt_consolidation,6786.52,2025-04-09,funded
app_6a4f5ce5ff72,brw_2db5bd57bbec,home_improvement,35005.7,2025-12-23,funded
app_36dfc510fb16,brw_52f5df32b1f9,debt_consolidation,6515.66,2025-04-19,offers_declined
app_9905ec14d14f,brw_fc84194eadbe,home_improvement,5583.82,2026-09-05,funded
app_81625ce66455,brw_d91c7d8857bd,other,18184.92,2026-04-28,funded
